id,name,name2,city,state,state_abbreviation,medical_director,donor_egg_service,donor_embryo_service,embryo_cryopreservation_service,egg_cryopreservation_service,gestational_carrier_service,sart_member,lab_accreditation,gcode,lat,lon
1,Art Fertility Program Of Alabama,,Birmingham,Alabama,AL,"Michael C Allemand, MD",TRUE,TRUE,TRUE,TRUE,TRUE,TRUE,TRUE,"Birmingham, Jefferson County, Alabama, United States",33.5206824,-86.8024326
2,University Of Alabama At Birmingham,Reproductive Endocrinology And Infertility,Birmingham,Alabama,AL,"Deidre D. Gunn, MD",TRUE,TRUE,TRUE,TRUE,TRUE,TRUE,TRUE,"Birmingham, Jefferson County, Alabama, United States",33.5206824,-86.8024326
3,Alabama Fertility Specialists,,Homewood,Alabama,AL,"Mamie R McLean, MD",TRUE,FALSE,TRUE,TRUE,TRUE,TRUE,TRUE,"Homewood, Jefferson County, Alabama, United States",33.4717732,-86.8008228
4,Fertility Institute Of North Alabama,,Huntsville,Alabama,AL,"Brett Davenport, MD",TRUE,FALSE,TRUE,TRUE,TRUE,FALSE,Pending,"Huntsville, Madison County, Alabama, United States",34.729847,-86.5859011
5,Center For Reproductive Medicine,,Mobile,Alabama,AL,"George T. Koulianos, MD",TRUE,TRUE,TRUE,TRUE,TRUE,TRUE,TRUE,"Mobile, Mobile County, Alabama, United States",30.6943566,-88.0430541
6,New Direction Fertility Centers,,Gilbert,Arizona,AZ,"Mark Amols, MD",TRUE,FALSE,TRUE,TRUE,TRUE,FALSE,TRUE,"Gilbert, Maricopa County, Arizona, United States",33.3527632,-111.7890373
7,"Arizona Reproductive Medicine Specialists, Llc",,Phoenix,Arizona,AZ,"Drew V. Moffitt, MD",TRUE,TRUE,TRUE,TRUE,TRUE,TRUE,TRUE,"Phoenix, Maricopa County, Arizona, United States",33.4484367,-112.0741417
8,Gondra Center For Reproductive Care & Advanced Gynecology,,Phoenix,Arizona,AZ,"Maria M. Gondra, MD",FALSE,FALSE,TRUE,TRUE,TRUE,TRUE,FALSE,"Phoenix, Maricopa County, Arizona, United States",33.4484367,-112.0741417
9,Southwest Fertility Center,,Phoenix,Arizona,AZ,"Sujatha Gunnala, MD",TRUE,TRUE,TRUE,TRUE,TRUE,TRUE,TRUE,"Phoenix, Maricopa County, Arizona, United States",33.4484367,-112.0741417
10,"Advanced Fertility Care, Pllc",,Scottsdale,Arizona,AZ,"Frederick W. Larsen, MD",TRUE,TRUE,TRUE,TRUE,TRUE,TRUE,TRUE,"Scottsdale, Maricopa County, Arizona, United States",33.4942189,-111.9260184
11,Arizona Associates For Reproductive Health,,Scottsdale,Arizona,AZ,"Ketan S. Patel, MD",TRUE,FALSE,TRUE,TRUE,TRUE,TRUE,TRUE,"Scottsdale, Maricopa County, Arizona, United States",33.4942189,-111.9260184
12,Arizona Center For Fertility Studies,(Acfs Fertility),Scottsdale,Arizona,AZ,"Shane T. Lipskind, MD",TRUE,TRUE,TRUE,TRUE,TRUE,FALSE,TRUE,"Scottsdale, Maricopa County, Arizona, United States",33.4942189,-111.9260184
13,Bloom Reproductive Institute,,Scottsdale,Arizona,AZ,"Millie A. Behera, MD",TRUE,TRUE,TRUE,TRUE,TRUE,TRUE,TRUE,"Scottsdale, Maricopa County, Arizona, United States",33.4942189,-111.9260184
14,IVF Phoenix,,Scottsdale,Arizona,AZ,"John L. Couvaras, MD",TRUE,TRUE,TRUE,TRUE,TRUE,TRUE,TRUE,"Scottsdale, Maricopa County, Arizona, United States",33.4942189,-111.9260184
15,"Fertility Treatment Center, Pc",,Tempe,Arizona,AZ,"H. Randall Craig, MD",TRUE,TRUE,TRUE,TRUE,TRUE,TRUE,TRUE,"Tempe, Maricopa County, Arizona, United States",33.4255056,-111.9400091
16,Arizona Center For Reproductive Endocrinology And Infertility,,Tucson,Arizona,AZ,"Timothy J. Gelety, MD",TRUE,TRUE,TRUE,TRUE,TRUE,TRUE,TRUE,"Tucson, Pima County, Arizona, 85701, United States",32.2228765,-110.9748477
17,Arizona Reproductive Institute,,Tucson,Arizona,AZ,"Mark D Johnson, MD",FALSE,TRUE,TRUE,TRUE,TRUE,TRUE,TRUE,"Tucson, Pima County, Arizona, 85701, United States",32.2228765,-110.9748477
18,Reproductive Health Center,,Tucson,Arizona,AZ,"Scot M. Hutchison, MD",TRUE,FALSE,TRUE,TRUE,TRUE,FALSE,TRUE,"Tucson, Pima County, Arizona, 85701, United States",32.2228765,-110.9748477
19,Arkansas Fertility Center,,Little Rock,Arkansas,AR,"Dean M. Moutos, MD",TRUE,TRUE,TRUE,TRUE,TRUE,TRUE,TRUE,"Little Rock, Pulaski County, Arkansas, 72201, United States",34.7464809,-92.2895948
20,Lifestart Fertility Center,,Agoura Hills,California,CA,"Anita P. Singh, MD",TRUE,TRUE,TRUE,TRUE,TRUE,TRUE,TRUE,"Agoura Hills, Los Angeles County, California, 91301, United States",34.14791,-118.7657042
21,Alta Bates In Vitro Fertilization Program,,Berkeley,California,CA,"Ryszard J. Chetkowski, MD",TRUE,TRUE,TRUE,TRUE,TRUE,TRUE,TRUE,"University of California, Berkeley, North Street, Panoramic Hill, Berkeley, Alameda County, California, 94720-1076, United States",37.8753497,-122.2396336
22,Center For Reproductive Health & Gynecology,(Crh&G),Beverly Hills,California,CA,"Sam Najmabadi, MD",TRUE,TRUE,TRUE,TRUE,TRUE,TRUE,TRUE,"Beverly Hills, California, United States",34.0696501,-118.3963062
23,Southern California Reproductive Center,,Beverly Hills,California,CA,"Mark W. Surrey, MD",TRUE,TRUE,TRUE,TRUE,TRUE,TRUE,TRUE,"Beverly Hills, California, United States",34.0696501,-118.3963062
24,Fertility Care Of Orange County,,Brea,California,CA,"Changnin T. Lee, MD",TRUE,TRUE,TRUE,TRUE,TRUE,FALSE,TRUE,"Brea, Orange County, California, United States",33.9170444,-117.888855
25,Central California IVF Program,Women'S Specialty And Fertility Center,Clovis,California,CA,"Carlos SUELDO, MD",TRUE,TRUE,TRUE,TRUE,TRUE,TRUE,TRUE,"Clovis, Fresno County, California, United States",36.8252277,-119.7029194
26,California Center For Reproductive Medicine,,Encinitas,California,CA,"Lori L. Arnold, MD",TRUE,TRUE,TRUE,TRUE,TRUE,TRUE,TRUE,"Encinitas, San Diego County, California, United States",33.0369867,-117.2919818
27,"The Fertility Institutes-Los Angeles, New York, Guadalajara",,Encino,California,CA,"Jeffrey Steinberg, MD",TRUE,TRUE,TRUE,TRUE,TRUE,FALSE,TRUE,"Encino, Los Angeles, California, 91316-3402, United States",34.1591324,-118.5016166
28,Los Angeles Reproductive Center (Larc),,Encino,California,CA,"Nurit Winkler, MD",TRUE,FALSE,TRUE,TRUE,TRUE,TRUE,Pending,"Encino, Los Angeles, California, 91316-3402, United States",34.1591324,-118.5016166
29,Western Fertility Institute,,Encino,California,CA,"Ashim V. Kumar, MD",TRUE,TRUE,TRUE,TRUE,TRUE,FALSE,TRUE,"Encino, Los Angeles, California, 91316-3402, United States",34.1591324,-118.5016166
30,Zouves Fertility Center,,Foster City,California,CA,"Christo G. Zouves, MD",FALSE,FALSE,TRUE,TRUE,TRUE,TRUE,TRUE,"Foster City, San Mateo County, California, 94404, United States",37.5600336,-122.2688522
31,West Coast Fertility Center,,Fountain Valley,California,CA,"David G. Diaz, MD",TRUE,FALSE,TRUE,TRUE,TRUE,FALSE,FALSE,"Fountain Valley, Orange County, California, 92708, United States",33.7038145,-117.9627349
32,Kaiser Permanente Center For Reproductive Health-Fremont,,Fremont,California,CA,"Lisa Farah-Eways, MD",TRUE,TRUE,TRUE,TRUE,TRUE,TRUE,TRUE,"Fremont, Alameda County, California, United States",37.5482697,-121.988571
33,Care Fertility,,Glendale,California,CA,"Rudy Quintero, MD",FALSE,FALSE,TRUE,TRUE,TRUE,TRUE,TRUE,"Glendale, California, United States",34.1469416,-118.2478471
34,"Kathleen Kornafel, Md Phd",,Glendale,California,CA,"KATHLEEN KORNAFEL, MD, PhD",TRUE,TRUE,TRUE,TRUE,TRUE,TRUE,TRUE,"Glendale, California, United States",34.1469416,-118.2478471
35,Marin Fertility Center,,Greenbrae,California,CA,"Peter S. Uzelac, MD",TRUE,TRUE,TRUE,TRUE,TRUE,FALSE,TRUE,"Greenbrae, Marin County, California, 94939, United States",37.9485356,-122.5247031
36,"Coastal Fertility Medical Center, Inc.",,Irvine,California,CA,"Lawrence B. Werlin, MD",TRUE,FALSE,TRUE,TRUE,TRUE,TRUE,TRUE,"Irvine, Orange County, California, United States",33.6856969,-117.8259819
37,Fertility Center Of Southern California,,Irvine,California,CA,"Ilene E. Hatch, MD",TRUE,TRUE,TRUE,TRUE,TRUE,TRUE,TRUE,"Irvine, Orange County, California, United States",33.6856969,-117.8259819
38,Life IVF Center,,Irvine,California,CA,"Frank D. Yelian, MD, PhD",TRUE,TRUE,TRUE,TRUE,TRUE,FALSE,TRUE,"Irvine, Orange County, California, United States",33.6856969,-117.8259819
39,Reproductive Fertility Center,Linfertility Family Foundation,Irvine,California,CA,"James P. Lin, MD",TRUE,TRUE,TRUE,TRUE,TRUE,FALSE,TRUE,"Irvine, Orange County, California, United States",33.6856969,-117.8259819
40,Reproductive Partners Fertility Center-San Diego,,La Jolla,California,CA,"V. Gabriel Garzo, MD",TRUE,TRUE,TRUE,TRUE,TRUE,TRUE,TRUE,"La Jolla, San Diego, San Diego County, California, 92037, United States",32.83259,-117.2716839
41,California Fertility Partners,,Los Angeles,California,CA,"Richard P. Marrs, MD",FALSE,TRUE,TRUE,TRUE,TRUE,TRUE,TRUE,"Los Angeles, California, United States",34.0536909,-118.242766
42,Cedars Sinai Medical Center,Center For Fertility And Reproductive Medicine,Los Angeles,California,CA,"Margareta D. Pisarska, MD",TRUE,FALSE,TRUE,TRUE,TRUE,TRUE,TRUE,"Los Angeles, California, United States",34.0536909,-118.242766
43,Cha Fertility Center,,Los Angeles,California,CA,"Joshua J. Berger, MD, PhD",TRUE,FALSE,TRUE,TRUE,TRUE,TRUE,TRUE,"Los Angeles, California, United States",34.0536909,-118.242766
44,Cmd Fertility,,Los Angeles,California,CA,"Catherine M. DeUgarte, MD",TRUE,TRUE,TRUE,TRUE,TRUE,FALSE,TRUE,"Los Angeles, California, United States",34.0536909,-118.242766
45,Pacific Fertility Center-Los Angeles,,Los Angeles,California,CA,"Vicken Sahakian, MD",TRUE,TRUE,TRUE,TRUE,TRUE,TRUE,TRUE,"Los Angeles, California, United States",34.0536909,-118.242766
46,Reproductive Medicine Associates Of Southern California,,Los Angeles,California,CA,"Thomas Kim, MD",FALSE,FALSE,TRUE,TRUE,TRUE,TRUE,TRUE,"Los Angeles, California, United States",34.0536909,-118.242766
47,Ucla Fertility Center,,Los Angeles,California,CA,"Kathleen M. Brennan, MD",TRUE,TRUE,TRUE,TRUE,TRUE,TRUE,TRUE,"Los Angeles, California, United States",34.0536909,-118.242766
48,Usc Fertility,,Los Angeles,California,CA,"Richard J. Paulson, MD",TRUE,FALSE,TRUE,TRUE,TRUE,TRUE,TRUE,"Los Angeles, California, United States",34.0536909,-118.242766
49,Care For The Bay Area,,Los Gatos,California,CA,"Karen J. Purcell, MD, PhD",TRUE,TRUE,TRUE,TRUE,TRUE,TRUE,TRUE,"Los Gatos, Santa Clara County, California, United States",37.226611,-121.9746797
50,Innovative Fertility Center,,Manhattan Beach,California,CA,"Mark J. Rispler, MD",TRUE,TRUE,TRUE,TRUE,TRUE,FALSE,FALSE,"Manhattan Beach, California, 90266, United States",33.8915985,-118.3951241
51,Ccrm San Francisco,"Bay Area Center For Reproductive Medicine, Llc (Bacrm)",Menlo Park,California,CA,"Salli Tazuke, MD",TRUE,FALSE,TRUE,TRUE,TRUE,TRUE,TRUE,"Menlo Park, San Mateo County, California, United States",37.4519671,-122.1779927
52,The Fertility And Gynecology Center,Monterey Bay IVF,Monterey,California,CA,"Edward J. Ramirez, MD",TRUE,TRUE,TRUE,TRUE,TRUE,FALSE,FALSE,"Monterey County, California, United States",36.2231079,-121.3877428
53,Nova In Vitro Fertilization,,Mountain View,California,CA,"Richard J. Schmidt, MD",FALSE,FALSE,TRUE,TRUE,TRUE,TRUE,TRUE,"Mountain View, Santa Clara County, California, United States",37.3893889,-122.0832101
54,Newport Fertility Center,,Newport Beach,California,CA,"Mark T. Kan, MD",TRUE,FALSE,TRUE,TRUE,TRUE,TRUE,TRUE,"Newport Beach, Orange County, California, United States",33.6170092,-117.9294401
55,Oc Fertility,,Newport Beach,California,CA,"Sharon E. Moayeri, MD",TRUE,FALSE,TRUE,TRUE,TRUE,TRUE,TRUE,"Newport Beach, Orange County, California, United States",33.6170092,-117.9294401
56,Southern California Center For Reproductive Medicine,,Newport Beach,California,CA,"Robert E. Anderson, MD",TRUE,TRUE,TRUE,TRUE,TRUE,TRUE,TRUE,"Newport Beach, Orange County, California, United States",33.6170092,-117.9294401
57,Lane Fertility Institute,,Novato,California,CA,"Danielle E. Lane, MD",TRUE,TRUE,TRUE,TRUE,TRUE,TRUE,FALSE,"Novato, Marin County, California, United States",38.1061979,-122.5681191
58,American Reproductive Centers,,Palm Springs,California,CA,"Maher A. Abdallah, MD",TRUE,TRUE,TRUE,TRUE,TRUE,FALSE,TRUE,"Palm Springs, Riverside County, California, United States",33.77217945,-116.4952977
59,Bay IVF Center,,Palo Alto,California,CA,"Francis Polansky, MD",TRUE,FALSE,TRUE,FALSE,FALSE,TRUE,TRUE,"Palo Alto, Santa Clara County, California, United States",37.4443293,-122.1598465
60,Hrc Fertility,,Pasadena,California,CA,"John G. Wilcox, MD",TRUE,TRUE,TRUE,TRUE,TRUE,TRUE,TRUE,"Pasadena, California, United States",34.1476452,-118.1444779
61,"Unity Fertility Center, Llc",,Pasadena,California,CA,"Chun-Yeh Wang, MD, PhD",TRUE,TRUE,TRUE,TRUE,TRUE,FALSE,TRUE,"Pasadena, California, United States",34.1476452,-118.1444779
62,"Reproductive Partners-Beverly Hills, Redondo Beach & Westminster",,Redondo Beach,California,CA,"Bill Yee, MD",TRUE,TRUE,TRUE,TRUE,TRUE,TRUE,TRUE,"Redondo Beach, California, 90278, United States",33.8455911,-118.3886766
63,California IVF Fertility Center,,Sacramento,California,CA,"Ernest J. Zeringue, MD",TRUE,TRUE,TRUE,TRUE,TRUE,FALSE,FALSE,"Sacramento, Sacramento County, California, United States",38.5810606,-121.493895
64,Kaiser Permanente Center For Reproductive Health-Sacramento,,Sacramento,California,CA,"Lisa Farah-Eways, MD",TRUE,TRUE,TRUE,TRUE,TRUE,TRUE,TRUE,"Sacramento, Sacramento County, California, United States",38.5810606,-121.493895
65,Northern California Fertility Medical Center,,Sacramento,California,CA,"Michael Murray, MD",TRUE,TRUE,TRUE,TRUE,TRUE,TRUE,TRUE,"Sacramento, Sacramento County, California, United States",38.5810606,-121.493895
66,Fertility Specialists Medical Group,,San Diego,California,CA,"Arlene J. Morales, MD",TRUE,TRUE,TRUE,TRUE,TRUE,TRUE,TRUE,"San Diego, San Diego County, California, United States",32.7174202,-117.1627728
67,Gen 5 Fertility Center,,San Diego,California,CA,"Samuel H Wood, MD, PhD",TRUE,TRUE,TRUE,TRUE,TRUE,FALSE,TRUE,"San Diego, San Diego County, California, United States",32.7174202,-117.1627728
68,Reproductive Sciences Medical Center,,San Diego,California,CA,"Minh N. Ho, MD",TRUE,TRUE,TRUE,TRUE,TRUE,FALSE,TRUE,"San Diego, San Diego County, California, United States",32.7174202,-117.1627728
69,San Diego Fertility Center,,San Diego,California,CA,"Sandy Chuan, MD",TRUE,TRUE,TRUE,TRUE,TRUE,TRUE,TRUE,"San Diego, San Diego County, California, United States",32.7174202,-117.1627728
70,Kindbody Of California,,San Francisco,California,CA,"Nastaran Foyouzi, MD",TRUE,FALSE,TRUE,TRUE,TRUE,TRUE,TRUE,"San Francisco, San Francisco City and County, San Francisco, California, United States",37.7790262,-122.419906
71,Laurel Fertility Care,,San Francisco,California,CA,"Collin B. Smikle, MD",TRUE,TRUE,TRUE,TRUE,TRUE,TRUE,TRUE,"San Francisco, San Francisco City and County, San Francisco, California, United States",37.7790262,-122.419906
72,Pacific Fertility Center,,San Francisco,California,CA,"Philip E. Chenette, MD",TRUE,TRUE,TRUE,TRUE,TRUE,TRUE,TRUE,"San Francisco, San Francisco City and County, San Francisco, California, United States",37.7790262,-122.419906
73,Reproductive Medicine Associates Of Northern California,,San Francisco,California,CA,"Scott Morin, MD",TRUE,TRUE,TRUE,TRUE,TRUE,TRUE,Pending,"San Francisco, San Francisco City and County, San Francisco, California, United States",37.7790262,-122.419906
74,Spring Fertility,,San Francisco,California,CA,"Nam D. Tran, MD, PhD",TRUE,TRUE,TRUE,TRUE,TRUE,TRUE,TRUE,"San Francisco, San Francisco City and County, San Francisco, California, United States",37.7790262,-122.419906
75,Ucsf Center For Reproductive Health,,San Francisco,California,CA,"Marcelle I. Cedars, MD",TRUE,TRUE,TRUE,TRUE,TRUE,TRUE,TRUE,"San Francisco, San Francisco City and County, San Francisco, California, United States",37.7790262,-122.419906
76,Palo Alto Medical Foundation,,San Jose,California,CA,"Mohammad Ezzati, MD",TRUE,TRUE,TRUE,TRUE,TRUE,TRUE,TRUE,"San Jose, Santa Clara County, California, United States",37.3361905,-121.890583
77,"Alex Steinleitner, Md, Inc.",,San Luis Obispo,California,CA,"Alex J. Steinleitner, MD",TRUE,TRUE,TRUE,TRUE,TRUE,TRUE,FALSE,"San Luis Obispo County, California, United States",35.3540209,-120.3757163
78,Reproductive Science Center Of The San Francisco Bay Area,,San Ramon,California,CA,"Louis N Weckstein, MD",TRUE,FALSE,TRUE,TRUE,TRUE,TRUE,TRUE,"San Ramon, Contra Costa County, California, 94583, United States",37.7648021,-121.9544387
79,Santa Barbara Fertility Center,,Santa Barbara,California,CA,"René B. Allen, MD",TRUE,TRUE,TRUE,TRUE,TRUE,TRUE,TRUE,"Santa Barbara, Santa Barbara County, California, United States",34.4221319,-119.7026673
80,Kindbody Los Angeles,,Santa Monica,California,CA,"Meredith Brower, MD",TRUE,FALSE,TRUE,TRUE,TRUE,TRUE,TRUE,"Santa Monica, California, United States",34.0194704,-118.4912273
81,Santa Monica Fertility,,Santa Monica,California,CA,"John K. Jain, MD",TRUE,FALSE,TRUE,TRUE,TRUE,FALSE,TRUE,"Santa Monica, California, United States",34.0194704,-118.4912273
82,"Advanced Fertility Associates Medical Group, Inc.",,Santa Rosa,California,CA,"Jennifer V. Ratcliffe, MD, PhD",TRUE,TRUE,TRUE,TRUE,TRUE,TRUE,TRUE,"Santa Rosa, Sonoma County, California, United States",38.4404925,-122.7141049
83,"Valley Center For Reproductive Health, Inc.","Valley Center For Reproductive Health, Inc",Sherman Oaks,California,CA,"Tina B. Koopersmith, MD",TRUE,TRUE,TRUE,TRUE,TRUE,TRUE,TRUE,"Sherman Oaks, Los Angeles, California, 91403, United States",34.1508718,-118.4489865
84,Stanford Medicine Fertility & Reproductive Health,,Sunnyvale,California,CA,"Ruben J. Alvero, MD",TRUE,FALSE,TRUE,TRUE,TRUE,TRUE,TRUE,"Sunnyvale, Santa Clara County, California, United States",37.3688301,-122.036349
85,The Center For Fertility And Gynecology,Vermesh Center For Fertility,Tarzana,California,CA,"Michael Vermesh, MD",TRUE,FALSE,TRUE,TRUE,TRUE,TRUE,TRUE,"Tarzana, Los Angeles, California, 91356, United States",34.1688075,-118.5361198
86,Tree Of Life Center For Fertility,Kinderwunschzentrum Los Angeles,Tarzana,California,CA,"Vuk Jovanovic, MD",TRUE,TRUE,TRUE,TRUE,TRUE,TRUE,TRUE,"Tarzana, Los Angeles, California, 91356, United States",34.1688075,-118.5361198
87,Fertility And Surgical Associates Of California,,Thousand Oaks,California,CA,"Gary Hubert, MD",TRUE,TRUE,TRUE,TRUE,TRUE,TRUE,TRUE,"Thousand Oaks, Ventura County, California, United States",34.17142715,-118.9105877
88,Pacific Reproductive Center,,Torrance,California,CA,"Rifaat Salem, MD, PhD",TRUE,TRUE,TRUE,TRUE,TRUE,FALSE,TRUE,"Torrance, California, United States",33.8358492,-118.3406288
89,University Fertility Center,,Torrance,California,CA,"Omid A. Khorram, MD, PhD",TRUE,TRUE,TRUE,TRUE,TRUE,FALSE,TRUE,"Torrance, California, United States",33.8358492,-118.3406288
90,California Center For Reproductive Health,Reproductive Fertility Center,West Hollywood,California,CA,"Eliran Mor, MD",TRUE,FALSE,TRUE,TRUE,TRUE,TRUE,TRUE,"West Hollywood, California, United States",34.0923014,-118.3692894
91,Center For Fertility Loma Linda University,,Yucaipa,California,CA,"Gihan M. Bareh, MD, PhD",TRUE,TRUE,TRUE,TRUE,TRUE,TRUE,TRUE,"Yucaipa, San Bernardino County, California, 92399, United States",34.033625,-117.0430865
92,Cny Fertility Colorado,,Colorado Springs,Colorado,CO,"Paul C. Magarelli, MD, PhD",FALSE,FALSE,TRUE,TRUE,TRUE,FALSE,TRUE,"Colorado Springs, El Paso County, Colorado, United States",38.8339578,-104.8253485
93,Advanced Reproductive Medicine,University Of Colorado,Denver,Colorado,CO,"Alex J Polotsky, MD",TRUE,TRUE,TRUE,TRUE,TRUE,TRUE,TRUE,"Denver, Denver County, Colorado, United States",39.7392364,-104.9848623
94,Colorado Reproductive Endocrinology,,Denver,Colorado,CO,"Susan W. Trout, MD",TRUE,TRUE,TRUE,TRUE,TRUE,TRUE,TRUE,"Denver, Denver County, Colorado, United States",39.7392364,-104.9848623
95,Denver Fertility-Albrecht Women'S Care,,Englewood,Colorado,CO,"Bruce H. Albrecht, MD",TRUE,TRUE,TRUE,TRUE,TRUE,TRUE,TRUE,"Englewood, Arapahoe County, Colorado, United States",39.6482059,-104.9879641
96,Rocky Mountain Fertility Center,,Englewood,Colorado,CO,"Deborah L. Smith, MD",TRUE,TRUE,TRUE,TRUE,TRUE,FALSE,TRUE,"Englewood, Arapahoe County, Colorado, United States",39.6482059,-104.9879641
97,Rocky Mountain Center For Reproductive Medicine,,Fort Collins,Colorado,CO,"Kevin E. Bachus, MD",TRUE,FALSE,TRUE,FALSE,FALSE,TRUE,TRUE,"Fort Collins, Larimer County, Colorado, United States",40.5508527,-105.0668085
98,Conceptions Reproductive Associates Of Colorado,,Littleton,Colorado,CO,"Mark R. Bush, MD",TRUE,TRUE,TRUE,TRUE,TRUE,FALSE,TRUE,"Littleton, Arapahoe County, Colorado, United States",39.613321,-105.0166498
99,Colorado Center For Reproductive Medicine,,Lone Tree,Colorado,CO,"William B. Schoolcraft, MD",TRUE,TRUE,TRUE,TRUE,TRUE,TRUE,TRUE,"Lone Tree, Douglas County, Colorado, United States",39.5360997,-104.8963682
100,Center For Advanced Reproductive Services,,Farmington,Connecticut,CT,"John C. Nulsen, MD",TRUE,FALSE,TRUE,TRUE,TRUE,TRUE,TRUE,"Farmington, Hartford County, Connecticut, United States",41.7198216,-72.8320435
101,"Greenwich Fertility And IVF Center, Pc",,Greenwich,Connecticut,CT,"Barry R. Witt, MD",TRUE,FALSE,TRUE,TRUE,TRUE,TRUE,TRUE,"Greenwich, Fairfield County, Connecticut, United States",41.0264862,-73.6284598
102,Reproductive Medicine Associates Of Connecticut,,Norwalk,Connecticut,CT,"Mark P. Leondires, MD",TRUE,TRUE,TRUE,TRUE,TRUE,TRUE,TRUE,"Norwalk, Fairfield County, Connecticut, United States",41.1175966,-73.4078968
103,Yale Fertility Center,,Orange,Connecticut,CT,"Pasquale Patrizio, MD",FALSE,FALSE,TRUE,TRUE,TRUE,TRUE,TRUE,"Orange, New Haven County, Connecticut, 06477, United States",41.2784304,-73.0256609
104,New England Fertility Institute,,Stamford,Connecticut,CT,"Gad Lavy, MD",TRUE,FALSE,TRUE,TRUE,TRUE,TRUE,TRUE,"Stamford, Fairfield County, Connecticut, United States",41.072089,-73.54443615
105,Park Avenue Fertility And Reproductive Medicine,,Trumbull,Connecticut,CT,"Andrew J Levi, MD",TRUE,FALSE,TRUE,TRUE,TRUE,TRUE,TRUE,"Trumbull, Fairfield County, Connecticut, United States",41.2428742,-73.2006687
106,"Delaware Institute For Reproductive Medicine, Pa",,Newark,Delaware,DE,"Jeffrey B. Russell, MD",TRUE,TRUE,TRUE,TRUE,TRUE,TRUE,TRUE,"Newark, New Castle County, Delaware, United States",39.6852191,-75.7508289
107,Radfertility,,Newark,Delaware,DE,"Ronald F. Feinberg, MD, PhD",TRUE,TRUE,TRUE,TRUE,TRUE,TRUE,TRUE,"Newark, New Castle County, Delaware, United States",39.6852191,-75.7508289
108,Columbia Fertility Associates,,Washington,District Of Columbia,DC,"Preston Sacks, MD",TRUE,TRUE,TRUE,TRUE,TRUE,TRUE,TRUE,"Washington, District of Columbia, United States",38.8949924,-77.0365581
109,George Washington University Medical Faculty Associates,,Washington,District Of Columbia,DC,"David Frankfurter, MD",TRUE,FALSE,TRUE,TRUE,FALSE,TRUE,TRUE,"Washington, District of Columbia, United States",38.8949924,-77.0365581
110,Bocafertility,,Boca Raton,Florida,FL,"Moshe (Maurice) R. Peress, MD",TRUE,TRUE,TRUE,TRUE,TRUE,TRUE,TRUE,"Boca Raton, Palm Beach County, Florida, United States",26.3586885,-80.0830984
111,Palm Beach Fertility Center,,Boca Raton,Florida,FL,"Mark S. Denker, MD",TRUE,TRUE,TRUE,TRUE,TRUE,TRUE,TRUE,"Boca Raton, Palm Beach County, Florida, United States",26.3586885,-80.0830984
112,Polcz Fertility Center,,Boynton Beach,Florida,FL,"Tibor E. Polcz, MD",TRUE,TRUE,TRUE,TRUE,TRUE,FALSE,TRUE,"Boynton Beach, Palm Beach County, Florida, United States",26.5256179,-80.0666026
113,Florida Fertility Institute,,Clearwater,Florida,FL,"Mark D. Sanchez, MD",TRUE,FALSE,TRUE,TRUE,TRUE,TRUE,TRUE,"Clearwater, Pinellas County, Florida, United States",27.9658533,-82.8001026
114,Conceptions Florida: Center For Fertility And Genetics,,Coral Gables,Florida,FL,"Armando E. Hernandez-Rey, MD",TRUE,FALSE,TRUE,TRUE,TRUE,TRUE,TRUE,"Coral Gables, Miami-Dade County, Florida, United States",25.72149,-80.2683838
115,"Southwest Florida Fertility Center, Pa",,Fort Myers,Florida,FL,"Jacob L. Glock, MD",TRUE,FALSE,TRUE,TRUE,TRUE,FALSE,TRUE,"Fort Myers, Lee County, Florida, United States",26.640628,-81.8723084
116,"Specialists In Reproductive Medicine & Surgery, Pa","Embryo Donation International, Pl",Fort Myers,Florida,FL,"Craig R. Sweet, MD",TRUE,TRUE,TRUE,TRUE,TRUE,TRUE,TRUE,"Fort Myers, Lee County, Florida, United States",26.640628,-81.8723084
117,Uf Health Reproductive Medicine At Springhill,,Gainesville,Florida,FL,"Alice S. Rhoton-Vlasak, MD",TRUE,FALSE,TRUE,TRUE,TRUE,TRUE,TRUE,"Gainesville, Alachua County, Florida, United States",29.6519684,-82.3249846
118,Assisted Fertility Program,,Jacksonville,Florida,FL,"Marwan M. Shaykh, MD",TRUE,TRUE,TRUE,TRUE,TRUE,FALSE,TRUE,"Jacksonville, Duval County, Florida, United States",30.3321838,-81.655651
119,Brown Fertility,,Jacksonville,Florida,FL,"Samuel E. Brown, MD",TRUE,TRUE,TRUE,TRUE,TRUE,FALSE,FALSE,"Jacksonville, Duval County, Florida, United States",30.3321838,-81.655651
120,Florida Institute For Reproductive Medicine,,Jacksonville,Florida,FL,"Kevin L. Winslow, MD",TRUE,TRUE,TRUE,TRUE,TRUE,FALSE,TRUE,"Jacksonville, Duval County, Florida, United States",30.3321838,-81.655651
121,Jacksonville Center For Reproductive Medicine,,Jacksonville,Florida,FL,"Michael D. Fox, MD",TRUE,TRUE,TRUE,TRUE,TRUE,TRUE,TRUE,"Jacksonville, Duval County, Florida, United States",30.3321838,-81.655651
122,"Reproductive Medicine Associates Of Florida, Llc",,Lake Mary,Florida,FL,"George Patounakis, MD, PhD",TRUE,TRUE,TRUE,TRUE,TRUE,TRUE,TRUE,"Lake Mary, Seminole County, Florida, United States",28.756618,-81.33888382
123,IVF Florida Reproductive Associates,,Margate,Florida,FL,"David I. Hoffman, MD",TRUE,TRUE,TRUE,TRUE,TRUE,TRUE,TRUE,"Margate, Broward County, Florida, 33063, United States",26.2445263,-80.206436
124,Viera Fertility Center,,Melbourne,Florida,FL,"Diran J. Chamoun, MD",TRUE,TRUE,TRUE,TRUE,TRUE,TRUE,TRUE,"Melbourne, Brevard County, Florida, United States",28.106471,-80.6371513
125,"Fertility & IVF Center Of Miami, Inc.",,Miami,Florida,FL,"Michael H. Jacobs, MD",TRUE,TRUE,TRUE,TRUE,TRUE,TRUE,TRUE,"Miami, Miami-Dade County, Florida, United States",25.7741728,-80.19362
126,University Of Miami Infertility Center,,Miami,Florida,FL,"George R. Attia, MD",TRUE,FALSE,TRUE,TRUE,TRUE,TRUE,TRUE,"Miami, Miami-Dade County, Florida, United States",25.7741728,-80.19362
127,"New Leaders In Fertility & Endocrinology, Llc",,Pensacola,Florida,FL,"Barry A. Ripps, MD",FALSE,FALSE,TRUE,TRUE,FALSE,TRUE,TRUE,"Pensacola, Escambia County, Florida, United States",30.421309,-87.2169149
128,Fertility & Genetics,,Plantation,Florida,FL,"Mick Abaé, MD",TRUE,FALSE,TRUE,TRUE,TRUE,TRUE,TRUE,"Plantation, Broward County, Florida, United States",26.1275862,-80.2331036
129,Fertility Center & Applied Genetics Of Florida,,Sarasota,Florida,FL,"Julio E. Pabon, MD",TRUE,TRUE,TRUE,TRUE,TRUE,FALSE,FALSE,"Sarasota, Sarasota County, Florida, United States",27.3364347,-82.5306527
130,IVFmd/South Florida Institute For Reproductive Medicine,,South Miami,Florida,FL,"Juergen Eisermann, MD",TRUE,TRUE,TRUE,TRUE,TRUE,TRUE,TRUE,"South Miami, Miami-Dade County, Florida, 33143, United States",25.7076017,-80.2933846
131,The Reproductive Medicine Group,,Tampa,Florida,FL,"Timothy R. Yeko, MD",TRUE,TRUE,TRUE,TRUE,TRUE,TRUE,TRUE,"Tampa, Hillsborough County, Florida, United States",27.9477595,-82.458444
132,Shady Grove Fertility Tampa Bay,,Tampa,Florida,FL,"Celso P Silva, MD",TRUE,TRUE,TRUE,TRUE,TRUE,TRUE,TRUE,"Tampa, Hillsborough County, Florida, United States",27.9477595,-82.458444
133,F.I.R.S.T.,Florida Institute For Reproductive Sciences And Technologies,Weston,Florida,FL,"Minna R. Selub, MD",TRUE,TRUE,TRUE,TRUE,TRUE,TRUE,TRUE,"Weston, Broward County, Florida, United States",26.1003392,-80.399513
134,"Advanced Reproductive Specialists, Llc",,Winter Park,Florida,FL,"Melissa M. Yates, MD",TRUE,FALSE,TRUE,TRUE,TRUE,TRUE,TRUE,"Winter Park, Orange County, Florida, 32789, United States",28.5977707,-81.3510264
135,"Center For Reproductive Medicine, Pa",,Winter Park,Florida,FL,"Randall A. Loy, MD",TRUE,FALSE,TRUE,TRUE,TRUE,TRUE,TRUE,"Winter Park, Orange County, Florida, 32789, United States",28.5977707,-81.3510264
136,Fertility Care,The IVF Center,Winter Park,Florida,FL,"Mark P. Trolice, MD",TRUE,TRUE,TRUE,TRUE,TRUE,TRUE,TRUE,"Winter Park, Orange County, Florida, 32789, United States",28.5977707,-81.3510264
137,Atlanta Center For Reproductive Medicine,,Atlanta,Georgia,GA,"Kathryn C. Calhoun, MD",TRUE,FALSE,TRUE,TRUE,TRUE,TRUE,TRUE,"Atlanta, Fulton County, Georgia, United States",33.7489924,-84.3902644
138,Emory Reproductive Center,,Atlanta,Georgia,GA,"Jennifer F. Kawwass, MD",TRUE,TRUE,TRUE,TRUE,TRUE,TRUE,TRUE,"Atlanta, Fulton County, Georgia, United States",33.7489924,-84.3902644
139,Reproductive Biology Associates,,Atlanta,Georgia,GA,"Daniel B. Shapiro, MD",TRUE,TRUE,TRUE,TRUE,TRUE,TRUE,TRUE,"Atlanta, Fulton County, Georgia, United States",33.7489924,-84.3902644
140,Shady Grove Fertility-Atlanta,,Atlanta,Georgia,GA,"Desiree McCarthy-Keith, MD",TRUE,TRUE,TRUE,TRUE,TRUE,TRUE,TRUE,"Atlanta, Fulton County, Georgia, United States",33.7489924,-84.3902644
141,Reproductive Medicine And Infertility Associates,,Augusta,Georgia,GA,"Larisa Gavrilova-Jordan, MD",FALSE,FALSE,TRUE,TRUE,TRUE,TRUE,TRUE,"Augusta, Richmond County, Georgia, United States",33.4709714,-81.9748429
142,Servy Fertility Institute,,Augusta,Georgia,GA,"Edouard J. Servy, MD",FALSE,FALSE,TRUE,TRUE,TRUE,TRUE,TRUE,"Augusta, Richmond County, Georgia, United States",33.4709714,-81.9748429
143,"Columbus Center For Reproductive Endocrinology & Infertility, Llc",,Columbus,Georgia,GA,"Prakash J. Thiruppathi, MD",TRUE,TRUE,TRUE,TRUE,TRUE,FALSE,TRUE,"Columbus, Muscogee County, Georgia, United States",32.4610708,-84.9880449
144,The Georgia Center For Reproductive Medicine,,Savannah,Georgia,GA,"Patrick L. Blohm, MD",TRUE,TRUE,TRUE,TRUE,TRUE,TRUE,TRUE,"Savannah, Chatham County, Georgia, United States",32.0809263,-81.0911768
145,Advanced Reproductive Center Of Hawaii,,Honolulu,Hawaii,HI,"Christopher T. Huang, MD",TRUE,TRUE,TRUE,TRUE,TRUE,TRUE,TRUE,"Honolulu, Honolulu County, Hawaii, 96813, United States",21.304547,-157.855676
146,Fertility Institute Of Hawaii,,Honolulu,Hawaii,HI,"John L. Frattarelli, MD",TRUE,TRUE,TRUE,TRUE,TRUE,TRUE,TRUE,"Honolulu, Honolulu County, Hawaii, 96813, United States",21.304547,-157.855676
147,IVF Hawaii,,Honolulu,Hawaii,HI,"Benton H. Chun, MD",TRUE,FALSE,TRUE,TRUE,TRUE,FALSE,TRUE,"Honolulu, Honolulu County, Hawaii, 96813, United States",21.304547,-157.855676
148,"Kaiser Permanente Hawaii Region, Reproductive Medicine Division",,Honolulu,Hawaii,HI,"Jingwen Hou, MD, PhD",FALSE,FALSE,TRUE,FALSE,FALSE,FALSE,TRUE,"Honolulu, Honolulu County, Hawaii, 96813, United States",21.304547,-157.855676
149,Pacific In Vitro Fertilization Institute,,Honolulu,Hawaii,HI,"Thomas S. Kosasa, MD",TRUE,TRUE,TRUE,TRUE,TRUE,TRUE,TRUE,"Honolulu, Honolulu County, Hawaii, 96813, United States",21.304547,-157.855676
150,Tripler Army Medical Center IVF Institute,,Honolulu,Hawaii,HI,"Justin D. Pilgrim, DO",TRUE,FALSE,TRUE,TRUE,FALSE,TRUE,TRUE,"Honolulu, Honolulu County, Hawaii, 96813, United States",21.304547,-157.855676
151,Idaho Center For Reproductive Medicine,,Boise,Idaho,ID,"Cristin C. Slater, MD",TRUE,TRUE,TRUE,TRUE,TRUE,TRUE,TRUE,"Boise, Ada County, Idaho, United States",43.6166163,-116.200886
152,Center Reproductive Care,,Chicago,Illinois,IL,"Mary W. Molo, MD",TRUE,TRUE,TRUE,TRUE,TRUE,TRUE,TRUE,"Chicago, Cook County, Illinois, United States",41.8755616,-87.6244212
153,Fertility Centers Of Illinois-River North IVF,,Chicago,Illinois,IL,"Jennifer Hirshfeld-Cytron, MD",TRUE,FALSE,TRUE,TRUE,TRUE,TRUE,TRUE,"Chicago, Cook County, Illinois, United States",41.8755616,-87.6244212
154,Institute For Human Reproduction (Ihr),,Chicago,Illinois,IL,"David P. Cohen, MD",TRUE,TRUE,TRUE,TRUE,TRUE,TRUE,TRUE,"Chicago, Cook County, Illinois, United States",41.8755616,-87.6244212
155,Northwestern Fertility And Reproductive Medicine,,Chicago,Illinois,IL,"Mary Ellen Pavone, MD",TRUE,FALSE,TRUE,TRUE,TRUE,TRUE,TRUE,"Chicago, Cook County, Illinois, United States",41.8755616,-87.6244212
156,University Of Chicago Medicine Center For Reproductive Medicine And Fertility,,Chicago,Illinois,IL,"A. Mousa Zamah, MD",TRUE,FALSE,TRUE,TRUE,TRUE,TRUE,TRUE,"Chicago, Cook County, Illinois, United States",41.8755616,-87.6244212
157,University Of Illinois At Chicago IVF Program,,Chicago,Illinois,IL,"Humberto Scoccia, MD",TRUE,FALSE,TRUE,TRUE,FALSE,TRUE,TRUE,"Chicago, Cook County, Illinois, United States",41.8755616,-87.6244212
158,Vios Fertility Institute-Chicago,,Chicago,Illinois,IL,"Angeline Beltsos, MD",TRUE,TRUE,TRUE,TRUE,TRUE,TRUE,FALSE,"Chicago, Cook County, Illinois, United States",41.8755616,-87.6244212
159,Center For Reproductive Health/Joliet IVF,,Crest Hill,Illinois,IL,"R. Scott Springer, DO",TRUE,FALSE,TRUE,TRUE,TRUE,FALSE,TRUE,"Crest Hill, Will County, Illinois, United States",41.554753,-88.0986709
160,Midwest Fertility Center,,Downers Grove,Illinois,IL,"Amos E. Madanes, MD",TRUE,FALSE,TRUE,TRUE,TRUE,TRUE,TRUE,"Downers Grove, DuPage County, Illinois, United States",41.7936822,-88.0102281
161,"Chicago Infertility Associates, Ltd",,Elk Grove Village,Illinois,IL,"Ketan N. Jobanputra, MD",TRUE,TRUE,TRUE,TRUE,TRUE,FALSE,TRUE,"Elk Grove Village, Elk Grove Township, Cook County, Illinois, 60007, United States",42.0041236,-87.9706457
162,"Davies Fertility & IVF Specialists, Sc",,Glenview,Illinois,IL,"Susan A. Davies, MD",TRUE,FALSE,TRUE,TRUE,TRUE,TRUE,TRUE,"Glenview, Northfield Township, Cook County, Illinois, United States",42.0700662,-87.8114044
163,Advanced Fertility Center Of Chicago,,Gurnee,Illinois,IL,"Michelle Catenacci, MD",TRUE,TRUE,TRUE,TRUE,TRUE,TRUE,TRUE,"Gurnee, Lake County, Illinois, United States",42.3702996,-87.9020186
164,Fertility Centers Of Illinois-Highland Park IVF Center,,Highland Park,Illinois,IL,"Brian R. Kaplan, MD",TRUE,TRUE,TRUE,TRUE,TRUE,TRUE,TRUE,"Highland Park, Lake County, Illinois, 60035, United States",42.1816919,-87.8003438
165,Invia Fertility Specialists,,Hoffman Estates,Illinois,IL,"Vishvanath C. Karande, MD",TRUE,TRUE,TRUE,TRUE,TRUE,TRUE,TRUE,"Hoffman Estates, Schaumburg Township, Cook County, Illinois, United States",42.0427256,-88.0792782
166,The Advanced IVF Institute,"Charles E. Miller, Md, Sc & Associates",Naperville,Illinois,IL,"Charles E. Miller, MD",TRUE,FALSE,TRUE,TRUE,TRUE,TRUE,TRUE,"Naperville, DuPage County, Illinois, United States",41.7728699,-88.1479278
167,IVF1,,Naperville,Illinois,IL,"Randy S. Morris, MD",TRUE,TRUE,TRUE,TRUE,TRUE,TRUE,TRUE,"Naperville, DuPage County, Illinois, United States",41.7728699,-88.1479278
168,Reproductive Medicine Institute,,Oak Brook,Illinois,IL,"Elena Trukhacheva, MD",TRUE,TRUE,TRUE,TRUE,TRUE,TRUE,TRUE,"Oak Brook, DuPage County, Illinois, 60523, United States",41.8328085,-87.9289504
169,"Daniel Rostein, Md, Sc",,Oak Brook,Illinois,IL,"Daniel A. Rostein, MD",TRUE,TRUE,TRUE,FALSE,TRUE,FALSE,TRUE,"Oak Brook, DuPage County, Illinois, 60523, United States",41.8328085,-87.9289504
170,Advanced Reproductive Center,,Rockford,Illinois,IL,"Todd D. Deutch, MD",TRUE,FALSE,TRUE,TRUE,TRUE,FALSE,TRUE,"Rockford, Winnebago County, Illinois, United States",42.2713945,-89.093966
171,Chicago IVF,,Skokie,Illinois,IL,"Joel G. Brasch, MD",TRUE,TRUE,TRUE,TRUE,TRUE,TRUE,TRUE,"Skokie, Niles Township, Cook County, Illinois, United States",42.0333694,-87.7333972
172,North Shore Fertility,,Skokie,Illinois,IL,"Anne Borkowski, MD",TRUE,FALSE,TRUE,TRUE,FALSE,FALSE,TRUE,"Skokie, Niles Township, Cook County, Illinois, United States",42.0333694,-87.7333972
173,Southern Illinois University School Of Medicine Fertility And IVF Center,,Springfield,Illinois,IL,"J. Ricardo Loret de Mola, MD",TRUE,TRUE,TRUE,TRUE,TRUE,TRUE,TRUE,"Springfield, Sangamon County, Illinois, United States",39.7990175,-89.6439575
174,Vios Fertility Institute-Swansea,,Swansea,Illinois,IL,"Amber Cooper, MD",TRUE,TRUE,TRUE,TRUE,TRUE,TRUE,TRUE,"Swansea, Saint Clair County, Illinois, 62226, United States",38.5339392,-89.9889936
175,"Seth Levrant, Md, Pc",Partners In Reproductive Health,Tinley Park,Illinois,IL,"Seth G. Levrant, MD",TRUE,TRUE,TRUE,TRUE,TRUE,TRUE,TRUE,"Tinley Park, Bremen Township, Cook County, Illinois, United States",41.5733669,-87.7844944
176,Midwest Fertility Specialists,,Carmel,Indiana,IN,"Matthew A Will, MD",TRUE,TRUE,TRUE,TRUE,TRUE,TRUE,TRUE,"Carmel, Hamilton County, Indiana, United States",39.964512,-86.14578243
177,Advanced Fertility Group,,Indianapolis,Indiana,IN,"William L. Gentry, MD",TRUE,TRUE,TRUE,TRUE,TRUE,TRUE,TRUE,"Indianapolis, Marion County, Indiana, United States",39.7683331,-86.1583502
178,Community Reproductive Endocrinology,,Indianapolis,Indiana,IN,"David E. Carnovale, MD",FALSE,FALSE,TRUE,TRUE,FALSE,TRUE,TRUE,"Indianapolis, Marion County, Indiana, United States",39.7683331,-86.1583502
179,"Family Beginnings, Pc",,Indianapolis,Indiana,IN,"James G. Donahue, MD",TRUE,TRUE,TRUE,TRUE,TRUE,TRUE,TRUE,"Indianapolis, Marion County, Indiana, United States",39.7683331,-86.1583502
180,Henry Fertility Dba,Reproductive Care Of Indiana,Indianapolis,Indiana,IN,"Michael A. Henry, MD",TRUE,TRUE,TRUE,TRUE,TRUE,TRUE,TRUE,"Indianapolis, Marion County, Indiana, United States",39.7683331,-86.1583502
181,Indiana Fertility Institute,,Indianapolis,Indiana,IN,"John C. Jarrett II, MD",TRUE,FALSE,TRUE,TRUE,TRUE,TRUE,TRUE,"Indianapolis, Marion County, Indiana, United States",39.7683331,-86.1583502
182,Indiana University Hospital,,Indianapolis,Indiana,IN,"Marguerite K. Shepard, MD",FALSE,FALSE,TRUE,TRUE,FALSE,TRUE,TRUE,"Indianapolis, Marion County, Indiana, United States",39.7683331,-86.1583502
183,"Boston IVF Fertility Services At The Women'S Hospital, Llc",,Newburgh,Indiana,IN,"Daniel W. Griffin, MD",FALSE,FALSE,TRUE,TRUE,TRUE,TRUE,TRUE,"Newburgh, Warrick County, Indiana, 47630-1234, United States",37.9456824,-87.4046571
184,"Mid-Iowa Fertility, Pc",,Clive,Iowa,IA,"Donald C. Young, DO",TRUE,TRUE,TRUE,TRUE,TRUE,TRUE,TRUE,"Clive, Polk County, Iowa, 50325, United States",41.6096029,-93.7754352
185,University Of Iowa Hospitals And Clinics,Center For Advanced Reproductive Care,Iowa City,Iowa,IA,"Bradley J. Van Voorhis, MD",TRUE,TRUE,TRUE,TRUE,TRUE,TRUE,TRUE,"The University of Iowa, East Prentiss Street, Iowa City, Johnson County, Iowa, 52240, United States",41.6683126,-91.57952674
186,"Midwest Reproductive Center, Pa",,Olathe,Kansas,KS,"Dan L. Gehlbach, MD",TRUE,FALSE,TRUE,TRUE,TRUE,TRUE,TRUE,"Olathe, Johnson County, Kansas, United States",38.8838856,-94.81887
187,Blue Sky Fertility,,Overland Park,Kansas,KS,"Ryan M. Riggs, MD",TRUE,TRUE,TRUE,TRUE,TRUE,FALSE,FALSE,"Overland Park, Johnson County, Kansas, United States",38.9742502,-94.6851702
188,Center For Advanced Reproductive Medicine,,Overland Park,Kansas,KS,"Courtney A. Marsh, MD",TRUE,TRUE,TRUE,TRUE,TRUE,TRUE,TRUE,"Overland Park, Johnson County, Kansas, United States",38.9742502,-94.6851702
189,Reproductive Resource Center Of Greater Kansas City,,Overland Park,Kansas,KS,"Celeste Brabec, MD",TRUE,FALSE,TRUE,TRUE,TRUE,FALSE,TRUE,"Overland Park, Johnson County, Kansas, United States",38.9742502,-94.6851702
190,Bluegrass Fertility Center,,Lexington,Kentucky,KY,"James W. Akin, MD",TRUE,FALSE,TRUE,TRUE,FALSE,FALSE,TRUE,"Lexington, Fayette County, Kentucky, United States",38.0464066,-84.4970393
191,The Lexington Fertility Center,,Lexington,Kentucky,KY,"George M. Veloudis, DO",FALSE,TRUE,TRUE,TRUE,TRUE,FALSE,FALSE,"Lexington, Fayette County, Kentucky, United States",38.0464066,-84.4970393
192,Fertility And Endocrine Associates,Louisville Reproductive Center,Louisville,Kentucky,KY,"Robert J. Homm, MD",TRUE,TRUE,TRUE,TRUE,TRUE,TRUE,TRUE,"Louisville, Jefferson County, Kentucky, United States",38.2542376,-85.759407
193,"Kentucky Fertility Institute, Llc",,Louisville,Kentucky,KY,"Robert K. Hunter, MD",TRUE,TRUE,TRUE,TRUE,TRUE,TRUE,TRUE,"Louisville, Jefferson County, Kentucky, United States",38.2542376,-85.759407
194,"Fertility Answers, Llc-Baton Rouge","Fertility Answers, Llc-Lafayette",Baton Rouge,Louisiana,LA,"John M. Storment, MD",TRUE,FALSE,TRUE,TRUE,TRUE,TRUE,TRUE,"Baton Rouge, East Baton Rouge Parish, Louisiana, United States",30.4459596,-91.18738
195,Fertility Institute Of New Orleans,,Mandeville,Louisiana,LA,"Richard P. Dickey, MD, PhD",FALSE,TRUE,TRUE,TRUE,TRUE,TRUE,TRUE,"Mandeville, St. Tammany Parish, Louisiana, United States",30.3582305,-90.0657477
196,Audubon Fertility,,New Orleans,Louisiana,LA,"Lindsay Wells, MD",FALSE,TRUE,TRUE,TRUE,TRUE,TRUE,TRUE,"New Orleans, Orleans Parish, Louisiana, United States",29.9499323,-90.0701156
197,Arklatex Fertility And Reproductive Medicine,,Shreveport,Louisiana,LA,"David T. Vandermolen, MD",TRUE,FALSE,TRUE,TRUE,TRUE,TRUE,TRUE,"Shreveport, Caddo Parish, Louisiana, United States",32.5221828,-93.7651944
198,"Boston IVF, The Maine Center",,South Portland,Maine,ME,"Benjamin M. Lannon, MD",TRUE,TRUE,TRUE,TRUE,TRUE,TRUE,TRUE,"South Portland, Cumberland County, Maine, 04106, United States",43.6414716,-70.2408811
199,"The A.R.T. Institute Of Washington, Inc.",Walter Reed National Military Medical Center,Bethesda,Maryland,MD,"Micah Hill, DO",FALSE,FALSE,TRUE,TRUE,FALSE,TRUE,TRUE,"Bethesda, Montgomery County, Maryland, United States",38.9819845,-77.12426681
200,"Endrika Hinton, Md",,Lutherville,Maryland,MD,"Endrika L. Hinton, MD",FALSE,FALSE,TRUE,TRUE,FALSE,TRUE,TRUE,"Lutherville, Baltimore County, Maryland, United States",39.42362995,-76.6209151
201,Johns Hopkins Fertility Center,,Lutherville,Maryland,MD,"Mindy S. Christianson, MD",TRUE,TRUE,TRUE,TRUE,TRUE,TRUE,TRUE,"Lutherville, Baltimore County, Maryland, United States",39.42362995,-76.6209151
202,Montgomery Fertility Center,,Rockville,Maryland,MD,"Oluyemisi Adesanya-Famuyiwa, MD",TRUE,FALSE,TRUE,TRUE,TRUE,FALSE,FALSE,"Rockville, Montgomery County, Maryland, United States",39.0817985,-77.1516844
203,Shady Grove Fertility-Rockville,,Rockville,Maryland,MD,"Michael J. Levy, MD",TRUE,TRUE,TRUE,TRUE,TRUE,TRUE,TRUE,"Rockville, Montgomery County, Maryland, United States",39.0817985,-77.1516844
204,Shady Grove Fertility-Towson,,Towson,Maryland,MD,"Jeffrey L. McKeeby, MD",TRUE,TRUE,TRUE,TRUE,TRUE,TRUE,TRUE,"Towson, Ruxton, Baltimore County, Maryland, United States",39.39645905,-76.61481482
205,Brigham And Women'S Hospital Center For Assisted Reproductive Technology,,Boston,Massachusetts,MA,"Elizabeth S. Ginsburg, MD",TRUE,FALSE,TRUE,TRUE,TRUE,TRUE,TRUE,"Boston, Suffolk County, Massachusetts, United States",42.3602534,-71.0582912
206,Massachusetts General Hospital Fertility Center,,Boston,Massachusetts,MA,"John C. Petrozza, MD",TRUE,FALSE,TRUE,TRUE,TRUE,TRUE,TRUE,"Boston, Suffolk County, Massachusetts, United States",42.3602534,-71.0582912
207,"Fertility Solutions, Pc",,Dedham,Massachusetts,MA,"Ania Kowalik, MD",TRUE,TRUE,TRUE,TRUE,TRUE,TRUE,TRUE,"Dedham, Norfolk County, Massachusetts, United States",42.2489143,-71.1755732
208,Ccrm Boston,,Newton,Massachusetts,MA,"Alison E. Zimon, MD",TRUE,FALSE,TRUE,TRUE,TRUE,TRUE,TRUE,"Newton, Middlesex County, Massachusetts, United States",42.3370414,-71.2092214
209,"Fertility Centers Of New England, Inc.","New England Clinics Of Reproductive Medicine, Inc.",Reading,Massachusetts,MA,"Danielle Vitiello, MD, PhD",TRUE,FALSE,TRUE,TRUE,TRUE,TRUE,TRUE,"Reading, Middlesex County, Massachusetts, 01867, United States",42.5256502,-71.0953314
210,Baystate Reproductive Medicine,,Springfield,Massachusetts,MA,"Kelly Lynch, MD",TRUE,TRUE,TRUE,TRUE,TRUE,TRUE,TRUE,"Springfield, Hampden County, Massachusetts, United States",42.1018764,-72.5886727
211,"Cardone Reproductive Medicine And Infertility, Llc",,Stoneham,Massachusetts,MA,"Vito R. Cardone, MD",TRUE,TRUE,TRUE,TRUE,TRUE,TRUE,TRUE,"Stoneham, Middlesex County, Massachusetts, 02180, United States",42.4802635,-71.0993581
212,"Boston IVF, Llc",,Waltham,Massachusetts,MA,"Michael M Alper, MD",TRUE,TRUE,TRUE,TRUE,TRUE,TRUE,TRUE,"Waltham, Middlesex County, Massachusetts, United States",42.3756401,-71.2358004
213,University Of Michigan Center For Reproductive Medicine,,Ann Arbor,Michigan,MI,"Molly B. Moravek, MD",TRUE,FALSE,TRUE,TRUE,TRUE,TRUE,TRUE,"Ann Arbor, Washtenaw County, Michigan, United States",42.2681569,-83.7312291
214,IVF Michigan Fertility Centers,,Bloomfield Hills,Michigan,MI,"Ahmad O. Hammoud, MD",TRUE,TRUE,TRUE,TRUE,TRUE,TRUE,TRUE,"Bloomfield Hills, Oakland County, Michigan, 48009:48304, United States",42.583645,-83.2454883
215,Michigan Reproductive Medicine,,Bloomfield Hills,Michigan,MI,"Michael S. Mersol-Barg, MD",TRUE,FALSE,TRUE,TRUE,TRUE,FALSE,TRUE,"Bloomfield Hills, Oakland County, Michigan, 48009:48304, United States",42.583645,-83.2454883
216,Gago IVF,,Brighton,Michigan,MI,"Laura A. Gago, MD",TRUE,TRUE,TRUE,TRUE,TRUE,TRUE,TRUE,"Brighton, Livingston County, Michigan, 48116, United States",42.5316918,-83.7846458
217,"Michigan Reproductive & IVF Center, Pc",,Grand Rapids,Michigan,MI,"William G. Dodds, MD",TRUE,TRUE,TRUE,TRUE,TRUE,TRUE,TRUE,"Grand Rapids, Kent County, Michigan, United States",42.9632405,-85.6678639
218,"IVF Michigan Rochester Hills & Flint, Pc",,Rochester Hills,Michigan,MI,"Mostafa I. Abuzeid, MD",FALSE,FALSE,TRUE,FALSE,FALSE,TRUE,TRUE,"Rochester Hills, Oakland County, Michigan, United States",42.6583661,-83.1499322
219,Wayne Health,,Southfield,Michigan,MI,"Awoniyi O. Awonuga, MD",TRUE,TRUE,TRUE,TRUE,TRUE,TRUE,TRUE,"Southfield, Oakland County, Michigan, United States",42.4733689,-83.2218731
220,Henry Ford Reproductive Medicine,,Troy,Michigan,MI,"Ahmad Hammoud, MD",TRUE,FALSE,TRUE,TRUE,FALSE,TRUE,TRUE,"Troy, Oakland County, Michigan, United States",42.6055893,-83.1499304
221,Reproductive Medicine Associates Of Michigan,,Troy,Michigan,MI,"Brad T. Miller, MD",TRUE,TRUE,TRUE,TRUE,TRUE,TRUE,TRUE,"Troy, Oakland County, Michigan, United States",42.6055893,-83.1499304
222,"Michigan Center For Fertility And Women'S Health, Plc",,Warren,Michigan,MI,"Carole L. Kowalczyk, MD",TRUE,TRUE,TRUE,TRUE,TRUE,TRUE,TRUE,"Warren, Macomb County, Michigan, United States",42.4932575,-83.0062746
223,Ccrm Minneapolis,,Edina,Minnesota,MN,"April E. Batcheller, MD",TRUE,TRUE,TRUE,TRUE,TRUE,TRUE,TRUE,"Edina, Hennepin County, Minnesota, United States",44.8897027,-93.3501222
224,"Midwest Center For Reproductive Health, Pa",,Maple Grove,Minnesota,MN,"Randle S. Corfman, MD, PhD",TRUE,TRUE,TRUE,TRUE,FALSE,TRUE,TRUE,"Maple Grove, Hennepin County, Minnesota, United States",45.0984983,-93.4419222
225,Center For Reproductive Medicine,Advanced Reproductive Technologies,Minneapolis,Minnesota,MN,"Mark A Damario, MD",TRUE,FALSE,TRUE,TRUE,TRUE,TRUE,TRUE,"Minneapolis, Hennepin County, Minnesota, United States",44.9772995,-93.2654692
226,Mayo Clinic Assisted Reproductive Technologies,,Rochester,Minnesota,MN,"Samir N Babayev, MD",TRUE,FALSE,TRUE,TRUE,TRUE,TRUE,TRUE,"Rochester, Olmsted County, Minnesota, United States",44.0234387,-92.4630182
227,Reproductive Medicine & Infertility Associates,,Woodbury,Minnesota,MN,"Jacques P. Stassart, MD",TRUE,TRUE,TRUE,TRUE,TRUE,TRUE,TRUE,"Woodbury, Washington County, Minnesota, United States",44.919896,-92.9339449
228,"Mississippi Reproductive Medicine, Pllc",,Flowood,Mississippi,MS,"Randall S. Hines, MD",TRUE,TRUE,TRUE,TRUE,TRUE,TRUE,TRUE,"Flowood, Rankin County, Mississippi, United States",32.3092741,-90.1389076
229,University Of Mississippi Medical Center,,Flowood,Mississippi,MS,"John D. Isaacs, MD",FALSE,TRUE,TRUE,TRUE,FALSE,FALSE,TRUE,"Flowood, Rankin County, Mississippi, United States",32.3092741,-90.1389076
230,Positive Steps Fertility,,Madison,Mississippi,MS,"John P. Parry, MD",TRUE,TRUE,TRUE,TRUE,TRUE,FALSE,FALSE,"Madison, Madison County, Mississippi, United States",32.4618086,-90.1153638
231,Infertility Center Of St. Louis,,Chesterfield,Missouri,MO,"Sherman J. Silber, MD",TRUE,TRUE,TRUE,TRUE,TRUE,TRUE,TRUE,"Chesterfield, Saint Louis County, Missouri, United States",38.661953,-90.5643258
232,Mcrm Fertility,,Chesterfield,Missouri,MO,"Mira Aubuchon, MD",TRUE,TRUE,TRUE,TRUE,TRUE,TRUE,TRUE,"Chesterfield, Saint Louis County, Missouri, United States",38.661953,-90.5643258
233,Missouri Fertility,,Columbia,Missouri,MO,"Gilbert B. Wilshire, MD",FALSE,FALSE,TRUE,TRUE,TRUE,TRUE,TRUE,"Columbia, Boone County, Missouri, United States",38.951883,-92.3337366
234,Mu Healthcare,Reproductive Health And Fertility Center,Columbia,Missouri,MO,"Danny M. Schust, MD",TRUE,TRUE,TRUE,TRUE,TRUE,TRUE,TRUE,"Columbia, Boone County, Missouri, United States",38.951883,-92.3337366
235,Midwest Women'S Healthcare Specialists,,Kansas City,Missouri,MO,"Gregory C. Starks, MD",TRUE,FALSE,TRUE,FALSE,TRUE,TRUE,TRUE,"Kansas City, Jackson County, Missouri, United States",39.100105,-94.5781416
236,Fertility Partnership,,Saint Peters,Missouri,MO,"David E. Simckes, MD",TRUE,TRUE,TRUE,TRUE,TRUE,FALSE,FALSE,"Saint Peters, Saint Charles County, Missouri, 63376, United States",38.791612,-90.5958468
237,Center For Reproductive Medicine & Robotic Surgery,,St. Louis,Missouri,MO,"Saji Jacob, MD",TRUE,TRUE,TRUE,TRUE,TRUE,FALSE,TRUE,"City of Saint Louis, Missouri, United States",38.6264256,-90.1995853
238,Fertility And Reproductive Medicine Center,At Washington University School Of Medicine And Barnes-Jewish Hospital,St. Louis,Missouri,MO,"Randall R. Odem, MD",TRUE,TRUE,TRUE,TRUE,TRUE,TRUE,TRUE,"City of Saint Louis, Missouri, United States",38.6264256,-90.1995853
239,Stl Fertility,,St. Louis,Missouri,MO,"Molina B. Dayal, MD",FALSE,FALSE,TRUE,TRUE,TRUE,TRUE,TRUE,"City of Saint Louis, Missouri, United States",38.6264256,-90.1995853
240,Billings Clinic,Reproductive Medicine And Fertility Care,Billings,Montana,MT,"Colleen Milroy, MD",TRUE,TRUE,TRUE,TRUE,TRUE,TRUE,TRUE,"Billings, Yellowstone County, Montana, United States",45.7874957,-108.49607
241,Reproductive Health Specialists,,Elkhorn,Nebraska,NE,"Carolyn M. Doherty, MD",TRUE,FALSE,TRUE,TRUE,TRUE,TRUE,TRUE,"Elkhorn, Omaha, Douglas County, Nebraska, 68022, United States",41.2860699,-96.2346121
242,"Heartland Center For Reproductive Medicine, Pc",,Omaha,Nebraska,NE,"Victoria M. Maclin, MD",TRUE,TRUE,TRUE,TRUE,TRUE,TRUE,TRUE,"Omaha, Douglas County, Nebraska, United States",41.2587459,-95.9383758
243,Green Valley Fertility Partners,,Henderson,Nevada,NV,"Jeffrey D. Fisch, MD",TRUE,FALSE,TRUE,TRUE,TRUE,TRUE,TRUE,"Henderson, Clark County, Nevada, United States",36.0301134,-114.9826194
244,Fertility Center Of Las Vegas,,Las Vegas,Nevada,NV,"Bruce Shapiro, MD, PhD",TRUE,TRUE,TRUE,TRUE,TRUE,TRUE,TRUE,"Las Vegas, Clark County, Nevada, United States",36.1672559,-115.148516
245,Nevada Fertility Center,,Las Vegas,Nevada,NV,"Russell A. Foulk, MD",TRUE,TRUE,TRUE,TRUE,TRUE,TRUE,TRUE,"Las Vegas, Clark County, Nevada, United States",36.1672559,-115.148516
246,Nevada Fertility Institute,,Las Vegas,Nevada,NV,"Cindy Duke, MD, PhD",TRUE,TRUE,TRUE,TRUE,TRUE,FALSE,TRUE,"Las Vegas, Clark County, Nevada, United States",36.1672559,-115.148516
247,Red Rock Fertility Center,,Las Vegas,Nevada,NV,"Eva D. Littman, MD",TRUE,FALSE,TRUE,TRUE,TRUE,TRUE,TRUE,"Las Vegas, Clark County, Nevada, United States",36.1672559,-115.148516
248,The Nevada Center For Reproductive Medicine,,Reno,Nevada,NV,"Scott J. Whitten, MD",TRUE,TRUE,TRUE,TRUE,TRUE,TRUE,TRUE,"Reno, Washoe County, Nevada, United States",39.5261206,-119.8126581
249,Reproductive Medicine Associates Of New Jersey,,Basking Ridge,New Jersey,NJ,"Michael R. Drews, MD",TRUE,TRUE,TRUE,TRUE,TRUE,TRUE,TRUE,"Basking Ridge, Bernards Township, Somerset County, New Jersey, 02794, United States",40.7064088,-74.5492725
250,Clifton Low Cost IVF,,Clifton,New Jersey,NJ,"Charles Haddad, MD",TRUE,TRUE,TRUE,TRUE,TRUE,FALSE,TRUE,"Clifton, Passaic County, New Jersey, United States",40.8584328,-74.1637553
251,Nj Best Ob/Gyn,,Clifton,New Jersey,NJ,"Fares Diarbakerli, MD",TRUE,FALSE,TRUE,TRUE,TRUE,FALSE,TRUE,"Clifton, Passaic County, New Jersey, United States",40.8584328,-74.1637553
252,Reproductive Science Center Of New Jersey,,Eatontown,New Jersey,NJ,"William Ziegler, DO",TRUE,TRUE,TRUE,TRUE,TRUE,TRUE,TRUE,"Eatontown, Monmouth County, New Jersey, 07724, United States",40.2962222,-74.0509725
253,Center For Advanced Reproductive Medicine & Fertility,,Edison,New Jersey,NJ,"Gregory H. Corsan, MD",TRUE,TRUE,TRUE,TRUE,TRUE,TRUE,TRUE,"Edison, Middlesex County, New Jersey, United States",40.5382375,-74.39451735
254,Women'S Fertility Center,,Englewood,New Jersey,NJ,"Philip R. Lesorgen, MD",FALSE,FALSE,TRUE,TRUE,FALSE,FALSE,TRUE,"Englewood, Bergen County, New Jersey, 07361, United States",40.8928771,-73.9726381
255,North Hudson IVF,Center For Fertility And Gynecology,Englewood Cliffs,New Jersey,NJ,"Jane E. Miller, MD",TRUE,FALSE,TRUE,TRUE,TRUE,FALSE,FALSE,"Englewood Cliffs, Bergen County, New Jersey, 07632, United States",40.8853773,-73.9523597
256,"University Reproductive Associates, Pc",,Hasbrouck Heights,New Jersey,NJ,"Peter G. McGovern, MD",TRUE,FALSE,TRUE,TRUE,TRUE,TRUE,TRUE,"Hasbrouck Heights, Bergen County, New Jersey, 07604, United States",40.8579293,-74.0816693
257,Shore Institute For Reproductive Medicine Dba,Morgan Fertility And Reproductive Medicine,Lakewood,New Jersey,NJ,"Allen Morgan, MD",TRUE,TRUE,TRUE,TRUE,TRUE,TRUE,TRUE,"Lakewood, Ocean County, New Jersey, 08701, United States",40.092024,-74.21219646
258,Institute For Reproductive Medicine And Science,Saint Barnabas Medical Center,Livingston,New Jersey,NJ,"Margaret G. Garrisi, MD",TRUE,FALSE,TRUE,TRUE,TRUE,TRUE,TRUE,"Livingston, Essex County, New Jersey, 07039, United States",40.7959335,-74.3148713
259,Delaware Valley Institute Of Fertility And Genetics,,Marlton,New Jersey,NJ,"George S. Taliadouros, MD",TRUE,TRUE,TRUE,TRUE,TRUE,TRUE,Pending,"Marlton, Evesham Township, Burlington County, New Jersey, United States",39.9005585,-74.93389106
260,South Jersey Fertility Center,,Marlton,New Jersey,NJ,"Peter G. Van Deerlin, MD",TRUE,TRUE,TRUE,TRUE,TRUE,TRUE,Pending,"Marlton, Evesham Township, Burlington County, New Jersey, United States",39.9005585,-74.93389106
261,Diamond Institute For Infertility & Menopause,,Millburn,New Jersey,NJ,"Matan Yemini, MD",TRUE,TRUE,TRUE,TRUE,TRUE,TRUE,TRUE,"Millburn, Essex County, New Jersey, United States",40.7244443,-74.3069069
262,"Cooper Institute For Reproductive Hormonal Disorders, Pc",,Mount Laurel,New Jersey,NJ,"Jerome H. Check, MD, PhD",TRUE,TRUE,TRUE,TRUE,TRUE,TRUE,TRUE,"Mount Laurel, Mount Laurel Township, Burlington County, New Jersey, 08053-5510, United States",39.934002,-74.8909988
263,Fertility Institute Of New Jersey And New York,,Oradell,New Jersey,NJ,"Zalman Levine, MD",TRUE,TRUE,TRUE,TRUE,TRUE,TRUE,TRUE,"Oradell, Bergen County, New Jersey, 07649, United States",40.9543943,-74.0308504
264,Valley Hospital Fertility Center,,Paramus,New Jersey,NJ,"Ali Nasseri, MD, PhD",TRUE,TRUE,TRUE,TRUE,TRUE,TRUE,TRUE,"Paramus, Bergen County, New Jersey, United States",40.9452911,-74.0735899
265,Damien Fertility Partners,,Shrewsbury,New Jersey,NJ,"Miguel Damien, MD",TRUE,TRUE,TRUE,TRUE,TRUE,TRUE,TRUE,"Shrewsbury, Monmouth County, New Jersey, 07702, United States",40.3295547,-74.0615285
266,Center For Reproductive Medicine And Fertility,"Louis R. Manara, Do",Voorhees,New Jersey,NJ,"Louis R. Manara, DO",TRUE,FALSE,TRUE,TRUE,TRUE,TRUE,TRUE,"Voorhees Township, Camden County, New Jersey, United States",39.8512162,-74.9619779
267,"Caperton Fertility Institute, Llc",,Albuquerque,New Mexico,NM,"Charles L. Caperton, MD",TRUE,TRUE,TRUE,TRUE,TRUE,FALSE,TRUE,"Albuquerque, Bernalillo County, New Mexico, United States",35.0841034,-106.650985
268,"The Fertility Center Of New Mexico, Llc",,Albuquerque,New Mexico,NM,"Douglas J. Thompson, MD",TRUE,TRUE,TRUE,TRUE,TRUE,TRUE,TRUE,"Albuquerque, Bernalillo County, New Mexico, United States",35.0841034,-106.650985
269,Genesis Fertility & Reproductive Medicine,,Brooklyn,New York,NY,"Richard V. Grazi, MD",TRUE,TRUE,TRUE,TRUE,TRUE,TRUE,TRUE,"Brooklyn, Kings County, New York, United States",40.6501038,-73.9495823
270,"Infertility & IVF Medical Associates Of Western New York, Pllc Dba",Buffalo IVF,Buffalo,New York,NY,"Adam M. Griffin, MD",TRUE,FALSE,TRUE,TRUE,TRUE,TRUE,TRUE,"Buffalo, Erie County, New York, United States",42.8867166,-78.8783922
271,Island Fertility,"Stony Brook Community Medical, Pc",Commack,New York,NY,"James Stelling, MD",TRUE,TRUE,TRUE,TRUE,TRUE,TRUE,TRUE,"Commack, Suffolk County, New York, 11725, United States",40.8477279,-73.27512207
272,"Hudson Valley Fertility, Pllc",,Fishkill,New York,NY,"Daniel W. Levine, MD",TRUE,TRUE,TRUE,TRUE,TRUE,TRUE,TRUE,"Fishkill, Town of Fishkill, Dutchess County, New York, 12524, United States",41.5355745,-73.898702
273,The New York Fertility Center,,Flushing,New York,NY,"Tony Tsai, MD",TRUE,FALSE,TRUE,TRUE,FALSE,FALSE,TRUE,"Flushing, Queens, Queens County, New York, 11354, United States",40.7654301,-73.8174291
274,Montefiore'S Institute For Reproductive Medicine And Health,,Hartsdale,New York,NY,"Harry J. Lieman, MD",TRUE,TRUE,TRUE,TRUE,TRUE,TRUE,TRUE,"Hartsdale, Town of Greenburgh, Westchester County, New York, United States",41.0130875,-73.80848139
275,"Boston IVF, The Albany Center",,Loudonville,New York,NY,"Sonia Elguero, MD",FALSE,FALSE,TRUE,TRUE,FALSE,TRUE,TRUE,"Loudonville, Town of Colonie, Albany County, New York, 12211, United States",42.7048009,-73.7548424
276,Northwell Health Fertility,,Manhasset,New York,NY,"Christine M. Mullin, MD",TRUE,FALSE,TRUE,TRUE,TRUE,TRUE,TRUE,"Manhasset, North Hempstead, Nassau County, New York, United States",40.78651175,-73.69653651
277,Rma Long Island IVF,,Melville,New York,NY,"Beth McAvey, MD",TRUE,TRUE,TRUE,TRUE,TRUE,TRUE,TRUE,"Melville, Suffolk County, New York, 11747, United States",40.7862225,-73.40799498
278,Nyu Langone Reproductive Specialists Of New York,,Mineola,New York,NY,"Maria Saketos, MD",TRUE,TRUE,TRUE,TRUE,TRUE,TRUE,TRUE,"Mineola, North Hempstead, Nassau County, New York, 11501, United States",40.7492678,-73.6406845
279,"Advanced Fertility Services, Pc",,New York,New York,NY,"Hugh D. Melnick, MD",FALSE,TRUE,TRUE,TRUE,TRUE,FALSE,TRUE,"New York, United States",40.7127281,-74.0060152
280,Ccrm New York,,New York,New York,NY,"Janet M. Choi, MD",TRUE,FALSE,TRUE,TRUE,TRUE,TRUE,TRUE,"New York, United States",40.7127281,-74.0060152
281,Center For Human Reproduction (Chr),,New York,New York,NY,"Norbert Gleicher, MD",TRUE,TRUE,TRUE,TRUE,TRUE,TRUE,TRUE,"New York, United States",40.7127281,-74.0060152
282,Chelsea Fertility Nyc,,New York,New York,NY,"Paul Gindoff, MD",TRUE,FALSE,TRUE,TRUE,FALSE,TRUE,TRUE,"New York, United States",40.7127281,-74.0060152
283,Columbia University Fertility Center,,New York,New York,NY,"Eric J. Forman, MD",TRUE,TRUE,TRUE,TRUE,TRUE,TRUE,TRUE,"New York, United States",40.7127281,-74.0060152
284,Extend Fertility,,New York,New York,NY,"Joshua U. Klein, MD",FALSE,FALSE,TRUE,TRUE,FALSE,TRUE,TRUE,"New York, United States",40.7127281,-74.0060152
285,Ferny Ny,,New York,New York,NY,"Amir R Radjabi, MD",FALSE,FALSE,TRUE,TRUE,FALSE,FALSE,TRUE,"New York, United States",40.7127281,-74.0060152
286,"Generation Next Fertility, Pllc",,New York,New York,NY,"Janelle Luk, MD",TRUE,FALSE,TRUE,TRUE,FALSE,FALSE,TRUE,"New York, United States",40.7127281,-74.0060152
287,"Global Fertility & Genetics, Ny",,New York,New York,NY,"Kevin Doody, MD",TRUE,FALSE,TRUE,TRUE,TRUE,TRUE,TRUE,"New York, United States",40.7127281,-74.0060152
288,Kindbody-New York,,New York,New York,NY,"Aimee Seungdamrong, MD",TRUE,FALSE,TRUE,TRUE,TRUE,TRUE,TRUE,"New York, United States",40.7127281,-74.0060152
289,Kofinas Fertility Group,,New York,New York,NY,"George D. Kofinas, MD",TRUE,TRUE,TRUE,TRUE,TRUE,FALSE,TRUE,"New York, United States",40.7127281,-74.0060152
290,Legacy IVF,,New York,New York,NY,"Mingxue Yang, MD, PhD",TRUE,TRUE,TRUE,TRUE,TRUE,FALSE,TRUE,"New York, United States",40.7127281,-74.0060152
291,Manhattan Reproductive Medicine,,New York,New York,NY,"Hanna Jesionowska, MD",TRUE,FALSE,TRUE,TRUE,TRUE,FALSE,TRUE,"New York, United States",40.7127281,-74.0060152
292,"Metropolitan Reproductive Medicine, Pc",,New York,New York,NY,"Susan Lobel, MD",TRUE,TRUE,TRUE,TRUE,FALSE,TRUE,TRUE,"New York, United States",40.7127281,-74.0060152
293,New Hope Fertility Center,,New York,New York,NY,"John Zhang, MD, PhD",TRUE,FALSE,TRUE,TRUE,TRUE,FALSE,TRUE,"New York, United States",40.7127281,-74.0060152
294,New York Fertility Institute,,New York,New York,NY,"Majid Fateh, MD",TRUE,FALSE,TRUE,TRUE,TRUE,TRUE,TRUE,"New York, United States",40.7127281,-74.0060152
295,Neway Medical,,New York,New York,NY,"Ralf Zimmermann, MD",TRUE,FALSE,TRUE,TRUE,FALSE,TRUE,TRUE,"New York, United States",40.7127281,-74.0060152
296,Noble Fertility Center,,New York,New York,NY,"Peter L. Chang, MD",TRUE,FALSE,TRUE,TRUE,FALSE,FALSE,TRUE,"New York, United States",40.7127281,-74.0060152
297,Northwell Health Fertility - Nyc,,New York,New York,NY,"Nicole Noyes, MD",TRUE,TRUE,TRUE,TRUE,TRUE,TRUE,TRUE,"New York, United States",40.7127281,-74.0060152
298,"Nyc In Vitro Fertilization, Pc",,New York,New York,NY,"Alyaa Elassar, MD",TRUE,FALSE,TRUE,TRUE,FALSE,FALSE,TRUE,"New York, United States",40.7127281,-74.0060152
299,Nyu Langone Fertility Center,,New York,New York,NY,"James A. Grifo, MD, PhD",TRUE,FALSE,TRUE,TRUE,TRUE,TRUE,TRUE,"New York, United States",40.7127281,-74.0060152
300,"Reproductive Medicine Associates Of New York, Llp",,New York,New York,NY,"Eric Flisser, MD",TRUE,FALSE,TRUE,TRUE,TRUE,TRUE,TRUE,"New York, United States",40.7127281,-74.0060152
301,Sher Fertility Solutions- New York,,New York,New York,NY,"Drew V. Tortoriello, MD",TRUE,FALSE,TRUE,TRUE,TRUE,TRUE,TRUE,"New York, United States",40.7127281,-74.0060152
302,Weill Cornell Medicine,Center For Reproductive Medicine,New York,New York,NY,"Zev Rosenwaks, MD",TRUE,FALSE,TRUE,TRUE,TRUE,TRUE,TRUE,"New York, United States",40.7127281,-74.0060152
303,Westmed Reproductive Services,,Purchase,New York,NY,"Martin D. Keltz, MD",TRUE,FALSE,TRUE,TRUE,FALSE,TRUE,TRUE,"Purchase, Town of Harrison, Westchester County, New York, 10577, United States",41.0409305,-73.7145746
304,Rochester Regional Health Fertility Care,,Rochester,New York,NY,"Rosalind A. Hayes, MD",TRUE,TRUE,TRUE,TRUE,TRUE,TRUE,TRUE,"Rochester, Monroe County, New York, United States",43.157285,-77.615214
305,Strong Fertility Center,,Rochester,New York,NY,"Erin M Masaba, MD",TRUE,FALSE,TRUE,TRUE,TRUE,TRUE,TRUE,"Rochester, Monroe County, New York, United States",43.157285,-77.615214
306,"Island Reproductive Services, Pc",,Staten Island,New York,NY,"Eric S. Knochenhauer, MD",TRUE,TRUE,TRUE,TRUE,TRUE,TRUE,TRUE,"Staten Island, Richmond County, New York, United States",40.5834557,-74.1496048
307,New York Reproductive Wellness,,Syosset,New York,NY,"Gregory Zapantis, MD",TRUE,TRUE,TRUE,TRUE,TRUE,FALSE,TRUE,"Syosset, Oyster Bay, Nassau County, New York, 11791, United States",40.81871415,-73.50015653
308,Boston IVF-The Syracuse Center,,Syracuse,New York,NY,"Alan Penzias, MD",FALSE,FALSE,TRUE,TRUE,FALSE,FALSE,TRUE,"Syracuse, Onondaga County, New York, United States",43.0481221,-76.1474244
309,Cny Fertility Center,,Syracuse,New York,NY,"Robert J. Kiltz, MD",TRUE,TRUE,TRUE,TRUE,TRUE,TRUE,TRUE,"Syracuse, Onondaga County, New York, United States",43.0481221,-76.1474244
310,Westchester Fertility & Reproductive Endocrinology,,White Plains,New York,NY,"Michael B. Blotner, MD",TRUE,FALSE,TRUE,TRUE,TRUE,TRUE,TRUE,"White Plains, Westchester County, New York, United States",41.0339862,-73.7629097
311,Gold Coast IVF,Reproductive Medicine And Surgery Center,Woodbury,New York,NY,"Steven F. Palter, MD",TRUE,TRUE,TRUE,TRUE,TRUE,TRUE,TRUE,"Woodbury, Oyster Bay, Nassau County, New York, 11797, United States",40.8182104,-73.47085685
312,North Carolina Center For Reproductive Medicine,The Talbert Fertility Institute,Cary,North Carolina,NC,"Sameh K. Toma, MD",TRUE,TRUE,TRUE,TRUE,TRUE,TRUE,TRUE,"Cary, Wake County, North Carolina, United States",35.7882893,-78.7812081
313,Program For Assisted Reproduction At Atrium Health'S Carolinas Medical Center,Cmc Women'S Institute,Charlotte,North Carolina,NC,"Bradley S. Hurst, MD",TRUE,TRUE,TRUE,TRUE,TRUE,TRUE,TRUE,"Charlotte, Mecklenburg County, North Carolina, United States",35.2272086,-80.8430827
314,Reproductive Endocrinology Associates Of Charlotte,,Charlotte,North Carolina,NC,"Seth Katz, MD",TRUE,TRUE,TRUE,TRUE,TRUE,TRUE,TRUE,"Charlotte, Mecklenburg County, North Carolina, United States",35.2272086,-80.8430827
315,Duke Fertility Center,Duke University Medical Center,Durham,North Carolina,NC,"Anne Z Steiner, MD",TRUE,TRUE,TRUE,TRUE,TRUE,TRUE,TRUE,"Durham, Durham County, North Carolina, 27701, United States",35.996653,-78.9018053
316,Womack Army Medical Center,,Fort Bragg,North Carolina,NC,"Luiz F Correa, DO",FALSE,FALSE,TRUE,TRUE,FALSE,FALSE,TRUE,"Fort Bragg, Cumberland County, North Carolina, United States",35.1422775,-78.99872789
317,"Atlantic Reproductive Medicine Specialists, Pa",,Raleigh,North Carolina,NC,"Susannah D. Copland, MD",TRUE,TRUE,TRUE,TRUE,TRUE,TRUE,TRUE,"Raleigh, Wake County, North Carolina, United States",35.7803977,-78.6390989
318,"Carolina Conceptions, Pa",,Raleigh,North Carolina,NC,"Meaghan R. Bowling, MD",TRUE,TRUE,TRUE,TRUE,TRUE,TRUE,TRUE,"Raleigh, Wake County, North Carolina, United States",35.7803977,-78.6390989
319,Unc Fertility,,Raleigh,North Carolina,NC,"Jennifer E. Mersereau, MD",TRUE,TRUE,TRUE,TRUE,TRUE,TRUE,TRUE,"Raleigh, Wake County, North Carolina, United States",35.7803977,-78.6390989
320,Carolinas Fertility Institute,,Winston-Salem,North Carolina,NC,"Tamer M. Yalcinkaya, MD",TRUE,TRUE,TRUE,TRUE,TRUE,TRUE,TRUE,"Winston-Salem, Forsyth County, North Carolina, United States",36.0998131,-80.2440518
321,Wake Forest University Center For Reproductive Medicine,,Winston-Salem,North Carolina,NC,"Jeffrey L. Deaton, MD",TRUE,FALSE,TRUE,TRUE,TRUE,TRUE,TRUE,"Winston-Salem, Forsyth County, North Carolina, United States",36.0998131,-80.2440518
322,Sanford Health Reproductive Medicine Institute,,Fargo,North Dakota,ND,"Steffen P. Christensen, MD",FALSE,FALSE,TRUE,TRUE,TRUE,TRUE,TRUE,"Fargo, Cass County, North Dakota, United States",46.877229,-96.789821
323,"Fertility Unlimited, Inc.",Northeastern Ohio Fertility Center,Akron,Ohio,OH,"Nicholas J. Spirtos, DO",TRUE,TRUE,TRUE,TRUE,TRUE,TRUE,TRUE,"Akron, Summit County, Ohio, United States",41.083064,-81.518485
324,Reproductive Gynecology & Infertility-Akron,,Akron,Ohio,OH,"David M. Nash, MD",TRUE,TRUE,TRUE,TRUE,TRUE,TRUE,TRUE,"Akron, Summit County, Ohio, United States",41.083064,-81.518485
325,Cleveland Clinic Fertility Center,,Beachwood,Ohio,OH,"Marjan Attaran, MD",TRUE,TRUE,TRUE,TRUE,TRUE,TRUE,TRUE,"Beachwood, Cuyahoga County, Ohio, United States",41.464498,-81.508732
326,University Hospitals Fertility Center,,Beachwood,Ohio,OH,"Rebecca Flyckt, MD",TRUE,TRUE,TRUE,TRUE,TRUE,TRUE,TRUE,"Beachwood, Cuyahoga County, Ohio, United States",41.464498,-81.508732
327,Bethesda Fertility Center,,Cincinnati,Ohio,OH,"Kasey Reynolds, MD",TRUE,TRUE,TRUE,TRUE,TRUE,TRUE,TRUE,"Cincinnati, Hamilton County, Ohio, United States",39.1014537,-84.5124602
328,Institute For Reproductive Health,,Cincinnati,Ohio,OH,"Sherif G. Awadalla, MD",TRUE,TRUE,TRUE,TRUE,TRUE,TRUE,TRUE,"Cincinnati, Hamilton County, Ohio, United States",39.1014537,-84.5124602
329,Ohio Reproductive Medicine,,Columbus,Ohio,OH,"Grant E. Schmidt, MD, PhD",TRUE,TRUE,TRUE,TRUE,TRUE,TRUE,TRUE,"Columbus, Franklin County, Ohio, United States",39.9622601,-83.0007065
330,Springcreek Fertility,,Dayton,Ohio,OH,"Jeremy M. Groll, MD",TRUE,TRUE,TRUE,TRUE,TRUE,TRUE,TRUE,"Dayton, Montgomery County, Ohio, United States",39.7589478,-84.1916069
331,The Fertility Wellness Institute Of Ohio,,West Chester,Ohio,OH,"Neeoo W. Chin, MD",TRUE,FALSE,TRUE,TRUE,FALSE,FALSE,TRUE,"West Chester, West Chester Township, Butler County, Ohio, 45069, United States",39.3303357,-84.408275
332,Uc Center For Reproductive Health,,West Chester,Ohio,OH,"Suruchi S. Thakore, MD",TRUE,TRUE,TRUE,TRUE,TRUE,TRUE,TRUE,"West Chester, West Chester Township, Butler County, Ohio, 45069, United States",39.3303357,-84.408275
333,Reproductive Gynecology & Infertility-Westerville,,Westerville,Ohio,OH,"David M. Nash, MD",TRUE,TRUE,TRUE,TRUE,TRUE,TRUE,TRUE,"Westerville, Sharon, Franklin County, Ohio, 43081, United States",40.126139,-82.9295287
334,Bennett Fertility Institute,,Oklahoma City,Oklahoma,OK,"Eli Reshef, MD",TRUE,TRUE,TRUE,TRUE,FALSE,TRUE,TRUE,"Oklahoma City, Oklahoma County, Oklahoma, United States",35.4729886,-97.5170536
335,Ou Physicians Reproductive Medicine,,Oklahoma City,Oklahoma,OK,"LaTasha B. Craig, MD",TRUE,TRUE,TRUE,TRUE,TRUE,TRUE,TRUE,"Oklahoma City, Oklahoma County, Oklahoma, United States",35.4729886,-97.5170536
336,Tulsa Fertility Center,,Tulsa,Oklahoma,OK,"Stanley G. Prough, MD",TRUE,TRUE,TRUE,TRUE,TRUE,TRUE,TRUE,"Tulsa, Tulsa County, Oklahoma, United States",36.1556805,-95.9929113
337,The Fertility Center Of Oregon,,Eugene,Oregon,OR,"Douglas J. Austin, MD",TRUE,TRUE,TRUE,TRUE,TRUE,FALSE,FALSE,"Eugene, Lane County, Oregon, United States",44.0505054,-123.0950506
338,Oregon Fertility Institute,,Portland,Oregon,OR,"Aimee Chang, MD",TRUE,TRUE,TRUE,TRUE,TRUE,FALSE,TRUE,"Portland, Multnomah County, Oregon, United States",45.5202471,-122.6741949
339,Orm Fertility,,Portland,Oregon,OR,"John S. Hesla, MD",TRUE,TRUE,TRUE,TRUE,TRUE,TRUE,TRUE,"Portland, Multnomah County, Oregon, United States",45.5202471,-122.6741949
340,University Fertility Consultants,Oregon Health & Science University,Portland,Oregon,OR,"Diana H. Wu, MD",TRUE,TRUE,TRUE,TRUE,TRUE,TRUE,TRUE,"Portland, Multnomah County, Oregon, United States",45.5202471,-122.6741949
341,Family Fertility Center,,Bethlehem,Pennsylvania,PA,"H. Christina Lee, MD",TRUE,TRUE,TRUE,TRUE,TRUE,TRUE,TRUE,"Bethlehem, Northampton County, Pennsylvania, United States",40.6178915,-75.3786521
342,Main Line Fertility And Reproductive Medicine,,Bryn Mawr,Pennsylvania,PA,"Michael J. Glassner, MD",TRUE,TRUE,TRUE,TRUE,TRUE,TRUE,TRUE,"Bryn Mawr, Lower Merion Township, Montgomery County, Pennsylvania, 19041-1228, United States",40.0198335,-75.3046299
343,Geisinger Medical Center Fertility Program,,Danville,Pennsylvania,PA,"Jennifer Gell, MD",TRUE,TRUE,TRUE,TRUE,TRUE,TRUE,TRUE,"Danville, Montour County, Pennsylvania, United States",40.9664806,-76.6131474
344,Sincera Reproductive Medicine,,Fort Washington,Pennsylvania,PA,"Annette Lee, MD",TRUE,TRUE,TRUE,TRUE,TRUE,TRUE,TRUE,"Fort Washington, Upper Dublin Township, Montgomery County, Pennsylvania, United States",40.14785315,-75.18972429
345,Penn State Milton S. Hershey Medical Center,,Hershey,Pennsylvania,PA,"Butts Samantha, MD",FALSE,FALSE,TRUE,TRUE,FALSE,TRUE,TRUE,"Hershey, Dauphin County, Pennsylvania, United States",40.2854881,-76.6506001
346,Reproductive Medicine Associates Of Philadelphia,,King Of Prussia,Pennsylvania,PA,"Arthur J. Castelbaum, MD",TRUE,TRUE,TRUE,TRUE,TRUE,TRUE,TRUE,"King of Prussia, Montgomery County, Pennsylvania, United States",40.09476245,-75.38513336
347,Society Hill Reproductive Medicine,,Philadelphia,Pennsylvania,PA,"Maureen P. Kelly, MD",TRUE,TRUE,TRUE,TRUE,TRUE,TRUE,TRUE,"Philadelphia, Philadelphia County, Pennsylvania, United States",39.9527237,-75.1635262
348,University Of Pennsylvania,Penn Fertility Care,Philadelphia,Pennsylvania,PA,"Clarisa R. Gracia, MD",TRUE,TRUE,TRUE,TRUE,TRUE,TRUE,TRUE,"Philadelphia, Philadelphia County, Pennsylvania, United States",39.9527237,-75.1635262
349,Ahn Center For Reproductive Medicine,,Pittsburgh,Pennsylvania,PA,"Lori Homa, MD",TRUE,TRUE,TRUE,TRUE,TRUE,TRUE,TRUE,"Pittsburgh, Allegheny County, Pennsylvania, United States",40.4416941,-79.9900861
350,University Of Pittsburgh Physicians,Center For Fertility And Reproductive Endocrinology,Pittsburgh,Pennsylvania,PA,"Marie N. Menke, MD",TRUE,TRUE,TRUE,TRUE,TRUE,TRUE,TRUE,"Pittsburgh, Allegheny County, Pennsylvania, United States",40.4416941,-79.9900861
351,Upmc Center For Fertility And Reproductive Endocrinology,,Pittsburgh,Pennsylvania,PA,"Carolyn J Kubik, MD",TRUE,FALSE,TRUE,TRUE,TRUE,TRUE,TRUE,"Pittsburgh, Allegheny County, Pennsylvania, United States",40.4416941,-79.9900861
352,Shady Grove Fertility-Pennsylvania,,Wayne,Pennsylvania,PA,"Isaac E. Sasson, MD, PhD",TRUE,TRUE,TRUE,TRUE,TRUE,TRUE,TRUE,"Wayne, Radnor Township, Delaware County, Pennsylvania, 19087-3305, United States",40.0440149,-75.3878616
353,"The Fertility Center, Llc",,York,Pennsylvania,PA,"Robert B. Filer, MD",TRUE,TRUE,TRUE,TRUE,TRUE,FALSE,FALSE,"York, York County, Pennsylvania, United States",39.962398,-76.727392
354,"Pedro J. Beauchamp, Md IVF Program Dba",Puerto Rico Fertility Center,Bayamon,Puerto Rico,PR,"Pedro J. Beauchamp, MD",TRUE,FALSE,TRUE,TRUE,TRUE,TRUE,TRUE,"Bayamón, Puerto Rico, United States",18.34495825,-66.168374
355,Clinica De Fertilidad Hima-San Pablo Caguas,,Caguas,Puerto Rico,PR,"Jose R. Cruz, MD",TRUE,TRUE,TRUE,TRUE,TRUE,FALSE,FALSE,"Caguas, Puerto Rico, United States",18.2345399,-66.0351316
356,Grefi,"Gynecology, Reproductive Endocrinology & Fertility Institute",San Juan,Puerto Rico,PR,"Rosa Ileana Cruz, MD",TRUE,TRUE,TRUE,TRUE,TRUE,TRUE,FALSE,"San Juan, Puerto Rico, United States",18.465299,-66.116666
357,Women & Infants Fertility Center,,Providence,Rhode Island,RI,"Carol A. Wheeler, MD",TRUE,FALSE,TRUE,TRUE,TRUE,TRUE,TRUE,"Providence, Providence County, Rhode Island, United States",41.8239891,-71.4128343
358,Fertility Center Of The Carolinas,"University Medical Group, Department Of Obstetrics And Gynecology",Greenville,South Carolina,SC,"Creighton E. Likes, MD",TRUE,FALSE,TRUE,TRUE,TRUE,TRUE,TRUE,"Greenville, Greenville County, South Carolina, United States",34.851354,-82.3984882
359,"Piedmont Reproductive Endocrinology Group, Pa",,Greenville,South Carolina,SC,"John E. Nichols, MD",TRUE,TRUE,TRUE,TRUE,TRUE,TRUE,TRUE,"Greenville, Greenville County, South Carolina, United States",34.851354,-82.3984882
360,Coastal Fertility Specialists,,Mount Pleasant,South Carolina,SC,"John A. Schnorr, MD",TRUE,FALSE,TRUE,TRUE,TRUE,TRUE,TRUE,"Mount Pleasant, Charleston County, South Carolina, United States",32.7940651,-79.8625851
361,Sanford Women'S Health,,Sioux Falls,South Dakota,SD,"Keith A. Hansen, MD",TRUE,FALSE,TRUE,TRUE,TRUE,TRUE,TRUE,"Sioux Falls, Minnehaha County, South Dakota, United States",43.5460587,-96.7313928
362,"Fertility Center, Llc",,Chattanooga,Tennessee,TN,"Barry W. Donesky, MD",TRUE,TRUE,TRUE,TRUE,TRUE,TRUE,TRUE,"Chattanooga, Hamilton County, Tennessee, United States",35.0457219,-85.3094883
363,Tennessee Reproductive Medicine,,Chattanooga,Tennessee,TN,"Ringland S. Murray, MD",TRUE,TRUE,TRUE,TRUE,TRUE,TRUE,TRUE,"Chattanooga, Hamilton County, Tennessee, United States",35.0457219,-85.3094883
364,Tennessee Fertility Institute,,Franklin,Tennessee,TN,"Christopher P. Montville, MD",TRUE,FALSE,TRUE,TRUE,TRUE,TRUE,TRUE,"Franklin, Williamson County, Tennessee, United States",35.925206,-86.8689419
365,Vanderbilt Fertility Clinic,,Franklin,Tennessee,TN,"Donna R. Session, MD",FALSE,FALSE,TRUE,TRUE,FALSE,FALSE,TRUE,"Franklin, Williamson County, Tennessee, United States",35.925206,-86.8689419
366,Quillen Fertility & Women'S Services,,Johnson City,Tennessee,TN,"Mark X. Ransom, MD",TRUE,FALSE,TRUE,TRUE,FALSE,TRUE,TRUE,"Johnson City, Washington County, Tennessee, United States",36.3134398,-82.3534728
367,"Southeastern Center For Fertility And Reproductive Surgery, Pllc","Southeastern Center For Fertility And Reproductive Surgery, Pllc",Knoxville,Tennessee,TN,"John D Gordon, MD",FALSE,TRUE,TRUE,TRUE,FALSE,FALSE,FALSE,"Knoxville, Knox County, Tennessee, United States",35.9603948,-83.9210261
368,"Kutteh Ke Fertility Associates Of Memphis, Pllc",,Memphis,Tennessee,TN,"Raymond W. Ke, MD",TRUE,TRUE,TRUE,TRUE,TRUE,TRUE,TRUE,"Memphis, Shelby County, Tennessee, United States",35.1490215,-90.0516285
369,The Center For Reproductive Health,,Nashville,Tennessee,TN,"Jaime M. Vasquez, MD",TRUE,TRUE,TRUE,TRUE,TRUE,TRUE,TRUE,"Nashville-Davidson, Davidson County, Tennessee, United States",36.1622767,-86.7742984
370,Nashville Fertility Center,,Nashville,Tennessee,TN,"George A. Hill, MD",TRUE,TRUE,TRUE,TRUE,TRUE,TRUE,TRUE,"Nashville-Davidson, Davidson County, Tennessee, United States",36.1622767,-86.7742984
371,Aspire Fertility-Dallas,,Addison,Texas,TX,"Linda C. Elkins, MD",TRUE,TRUE,TRUE,TRUE,TRUE,TRUE,TRUE,"Addison, Dallas County, Texas, 75001, United States",32.96047785,-96.83006731
372,Dfw Center For Fertility & IVF,,Allen,Texas,TX,"Victor E. Beshay, MD",TRUE,TRUE,TRUE,TRUE,FALSE,FALSE,TRUE,"Allen, Collin County, Texas, United States",33.1031744,-96.6705503
373,IVFmd-Arlington,,Arlington,Texas,TX,"Renju Raj, MD",FALSE,FALSE,TRUE,TRUE,TRUE,TRUE,TRUE,"Arlington, Tarrant County, Texas, United States",32.701939,-97.10562379
374,Aspire Fertility-Austin,,Austin,Texas,TX,"Christine Mansfield, MD",TRUE,TRUE,TRUE,TRUE,TRUE,TRUE,TRUE,"Austin, Travis County, Texas, 78701, United States",30.2711286,-97.7436995
375,Austin Fertility And Reproductive Medicine-Westlake IVF,,Austin,Texas,TX,"Shahryar K. Kavoussi, MD",TRUE,TRUE,TRUE,TRUE,TRUE,TRUE,TRUE,"Austin, Travis County, Texas, 78701, United States",30.2711286,-97.7436995
376,"Austin Fertility Institute, Pa",,Austin,Texas,TX,"Kenneth K. Moghadam, MD",TRUE,FALSE,TRUE,TRUE,TRUE,TRUE,TRUE,"Austin, Travis County, Texas, 78701, United States",30.2711286,-97.7436995
377,Texas Fertility Center,"Vaughn, Silverberg & Associates",Austin,Texas,TX,"Kaylen Silverberg, MD",TRUE,TRUE,TRUE,TRUE,TRUE,TRUE,TRUE,"Austin, Travis County, Texas, 78701, United States",30.2711286,-97.7436995
378,Center For Assisted Reproduction,,Bedford,Texas,TX,"Kevin J. Doody, MD",TRUE,TRUE,TRUE,TRUE,TRUE,TRUE,TRUE,"Bedford, Tarrant County, Texas, United States",32.844017,-97.1430671
379,The Center For Reproductive Endocrinology,,Dallas,Texas,TX,"Walid A. Saleh, MD",FALSE,FALSE,TRUE,TRUE,TRUE,TRUE,TRUE,"Dallas, Dallas County, Texas, United States",32.7762719,-96.7968559
380,Dallas-Fort Worth Fertility Associates,,Dallas,Texas,TX,"Samuel J. Chantilis, MD",TRUE,TRUE,TRUE,TRUE,TRUE,TRUE,TRUE,"Dallas, Dallas County, Texas, United States",32.7762719,-96.7968559
381,Fertility And Advanced Reproductive Medicine,,Dallas,Texas,TX,"Orhan Bukulmez, MD",TRUE,FALSE,TRUE,TRUE,TRUE,TRUE,TRUE,"Dallas, Dallas County, Texas, United States",32.7762719,-96.7968559
382,Fertility Center Of Dallas,,Dallas,Texas,TX,"J. Michael Putman, MD",TRUE,TRUE,TRUE,TRUE,TRUE,TRUE,TRUE,"Dallas, Dallas County, Texas, United States",32.7762719,-96.7968559
383,Repromed Fertility Center,,Dallas,Texas,TX,"Anil B. Pinto, MD",TRUE,FALSE,TRUE,TRUE,TRUE,TRUE,TRUE,"Dallas, Dallas County, Texas, United States",32.7762719,-96.7968559
384,Texas Center For Reproductive Health,,Dallas,Texas,TX,"Samuel P. Marynick, MD",TRUE,TRUE,TRUE,TRUE,TRUE,TRUE,TRUE,"Dallas, Dallas County, Texas, United States",32.7762719,-96.7968559
385,"Southwest Center For Reproductive Health, Pa",,El Paso,Texas,TX,"Luis S. Noble, MD",FALSE,FALSE,TRUE,TRUE,FALSE,TRUE,FALSE,"El Paso, El Paso County, Texas, United States",31.7754152,-106.464634
386,Brooke Army Medical Center,,Fort Sam Houston,Texas,TX,"Belinda Yauger, MD",FALSE,FALSE,TRUE,TRUE,FALSE,TRUE,TRUE,"Fort Sam Houston, San Antonio, Bexar County, Texas, 78234, United States",29.46235365,-98.43205243
387,"Fort Worth Fertility, Pa",,Fort Worth,Texas,TX,"Robert A. Kaufmann, MD",TRUE,TRUE,TRUE,TRUE,TRUE,TRUE,TRUE,"Fort Worth, Tarrant County, Texas, United States",32.753177,-97.3327459
388,Ccrm Dallas-Fort Worth,,Frisco,Texas,TX,"Dorette J. Noorhasan, MD",TRUE,FALSE,TRUE,TRUE,TRUE,TRUE,TRUE,"Frisco, Collin County, Texas, United States",33.1506744,-96.8236116
389,Dallas IVF,,Frisco,Texas,TX,"Brian D. Barnett, MD",TRUE,TRUE,TRUE,TRUE,TRUE,TRUE,TRUE,"Frisco, Collin County, Texas, United States",33.1506744,-96.8236116
390,"Fertility Specialists Of Texas, Pllc",,Frisco,Texas,TX,"Jerald S. Goldstein, MD",TRUE,TRUE,TRUE,TRUE,TRUE,TRUE,TRUE,"Frisco, Collin County, Texas, United States",33.1506744,-96.8236116
391,Advanced Fertility Center Of Texas,,Houston,Texas,TX,"Michael A. Allon, MD",TRUE,TRUE,TRUE,TRUE,TRUE,TRUE,TRUE,"Houston, Harris County, Texas, United States",29.7589382,-95.3676974
392,Aspire Fertility-Houston,,Houston,Texas,TX,"George M. Grunert, MD",TRUE,FALSE,TRUE,TRUE,TRUE,TRUE,TRUE,"Houston, Harris County, Texas, United States",29.7589382,-95.3676974
393,Cooper Institute For Advanced Reproductive Medicine,,Houston,Texas,TX,"C. James Chuong, MD",TRUE,TRUE,TRUE,TRUE,TRUE,FALSE,FALSE,"Houston, Harris County, Texas, United States",29.7589382,-95.3676974
394,Family Fertility Center,,Houston,Texas,TX,"William E. Gibbons, MD",TRUE,TRUE,TRUE,TRUE,TRUE,TRUE,TRUE,"Houston, Harris County, Texas, United States",29.7589382,-95.3676974
395,Houston Fertility Institute,,Houston,Texas,TX,"Ghassan F. Haddad, MD",TRUE,FALSE,TRUE,TRUE,TRUE,TRUE,TRUE,"Houston, Harris County, Texas, United States",29.7589382,-95.3676974
396,Houston Infertility Clinic,"Sonja Kristiansen, Md",Houston,Texas,TX,"Sonja B. Kristiansen, MD",FALSE,FALSE,TRUE,TRUE,TRUE,FALSE,TRUE,"Houston, Harris County, Texas, United States",29.7589382,-95.3676974
397,Houston IVF Dba,Ccrm Houston,Houston,Texas,TX,"Timothy N. Hickman, MD",TRUE,FALSE,TRUE,TRUE,TRUE,TRUE,TRUE,"Houston, Harris County, Texas, United States",29.7589382,-95.3676974
398,Conceive Fertility Center,,Irving,Texas,TX,"Derek Haas, MD",TRUE,FALSE,TRUE,TRUE,TRUE,TRUE,TRUE,"Irving, Dallas County, Texas, United States",32.8295183,-96.9442177
399,IVFmd,,Irving,Texas,TX,"Sy Q. Le, MD",TRUE,TRUE,TRUE,TRUE,TRUE,TRUE,TRUE,"Irving, Dallas County, Texas, United States",32.8295183,-96.9442177
400,The Centre For Reproductive Medicine,,Lubbock,Texas,TX,"Janelle O. Dorsett, MD",TRUE,TRUE,TRUE,TRUE,TRUE,TRUE,TRUE,"Lubbock, Lubbock County, Texas, United States",33.5635206,-101.879336
401,Texas Tech University Health Sciences Center,Center For Fertility And Reproductive Surgery,Lubbock,Texas,TX,"Jaou-Chen Huang, MD",TRUE,TRUE,TRUE,TRUE,TRUE,TRUE,TRUE,"Lubbock, Lubbock County, Texas, United States",33.5635206,-101.879336
402,Reproductive Institute Of South Texas,,Mcallen,Texas,TX,"Esteban O. Brown, MD",TRUE,TRUE,TRUE,TRUE,TRUE,FALSE,TRUE,"McAllen, Hidalgo County, Texas, United States",26.2043691,-98.230082
403,Advanced Fertility Centers,,Odessa,Texas,TX,"Rizwan Malik, MD",TRUE,TRUE,TRUE,TRUE,TRUE,TRUE,TRUE,"Odessa, Ector County, Texas, United States",31.8457149,-102.367687
404,IVF Plano,,Plano,Texas,TX,"James Douglas, MD",TRUE,TRUE,TRUE,TRUE,TRUE,TRUE,TRUE,"Plano, Collin County, Texas, United States",33.0136764,-96.6925096
405,Texas IVF,,Plano,Texas,TX,"Alfred J. Rodriguez, MD",TRUE,TRUE,TRUE,TRUE,TRUE,TRUE,TRUE,"Plano, Collin County, Texas, United States",33.0136764,-96.6925096
406,Aspire Fertility Institute - San Antonio,,San Antonio,Texas,TX,"Ursula Balthazar, MD",TRUE,TRUE,TRUE,TRUE,TRUE,TRUE,TRUE,"San Antonio, Bexar County, Texas, United States",29.4246002,-98.4951405
407,Fertility Center Of San Antonio,,San Antonio,Texas,TX,"Gregory S. Neal, MD",TRUE,FALSE,TRUE,TRUE,TRUE,TRUE,TRUE,"San Antonio, Bexar County, Texas, United States",29.4246002,-98.4951405
408,Ut Health San Antonio Reproductive Health And Fertility Center,,San Antonio,Texas,TX,"Randal D. Robinson, MD",TRUE,TRUE,TRUE,TRUE,TRUE,TRUE,TRUE,"San Antonio, Bexar County, Texas, United States",29.4246002,-98.4951405
409,The Heard Institute,,Sugarland,Texas,TX,"Michael J. Heard, MD",TRUE,TRUE,TRUE,TRUE,TRUE,FALSE,FALSE,"Alvin Sugarland Road, Missouri City, Fort Bend County, Texas, 77459, United States",29.548954,-95.5506773
410,Scott & White Clinic-Temple,,Temple,Texas,TX,"Gordon W Bates, MD",FALSE,FALSE,TRUE,FALSE,FALSE,FALSE,FALSE,"Temple, Bell County, Texas, 76504, United States",31.098207,-97.3427847
411,Hart Fertility Clinic,,The Woodlands,Texas,TX,"Dorothy J. Roach, MD",TRUE,TRUE,TRUE,TRUE,TRUE,TRUE,TRUE,"The Woodlands, Montgomery County, Texas, United States",30.1734194,-95.504686
412,Center Of Reproductive Medicine (Corm),,Webster,Texas,TX,"Vicki L. Schnell, MD",TRUE,FALSE,TRUE,TRUE,TRUE,TRUE,TRUE,"Webster, Harris County, Texas, United States",29.5351724,-95.1161564
413,Utah Fertility Center,,Pleasant Grove,Utah,UT,"Shawn E. Gurtcheff, MD",TRUE,TRUE,TRUE,TRUE,TRUE,TRUE,TRUE,"Pleasant Grove, Utah County, Utah, 84062, United States",40.3641184,-111.73854
414,Conceptions Fertility Center,,Provo,Utah,UT,"Andrew K Moore, MD",TRUE,TRUE,TRUE,TRUE,TRUE,TRUE,TRUE,"Provo, Utah County, Utah, United States",40.2338438,-111.6585337
415,Utah Center For Reproductive Medicine,,Salt Lake City,Utah,UT,"Erica B. Johnstone, MD",TRUE,FALSE,TRUE,TRUE,TRUE,TRUE,TRUE,"Salt Lake City, Salt Lake County, Utah, United States",40.7596198,-111.8867975
416,Reproductive Care Center,,Sandy,Utah,UT,"Keith L. Blauer, MD",TRUE,TRUE,TRUE,TRUE,TRUE,TRUE,TRUE,"Sandy, Salt Lake County, Utah, United States",40.5664878,-111.838904
417,University Of Vermont Medical Center,Vermont Center For Reproductive Medicine,Burlington,Vermont,VT,"Elizabeth McGee, MD",TRUE,FALSE,TRUE,TRUE,FALSE,TRUE,TRUE,"Burlington, Chittenden County, Vermont, United States",44.4761601,-73.212906
418,Northeastern Reproductive Medicine,,Colchester,Vermont,VT,"Peter R. Casson, MD",TRUE,TRUE,TRUE,TRUE,TRUE,TRUE,TRUE,"Colchester, Chittenden County, Vermont, United States",44.5360015,-73.2058402
419,Washington Fertility Center,,Annandale,Virginia,VA,"Pierre Asmar, MD",TRUE,FALSE,TRUE,TRUE,TRUE,TRUE,TRUE,"Annandale, Fairfax County, Virginia, United States",38.838491,-77.20852376
420,Dominion Fertility And Endocrinology,,Arlington,Virginia,VA,"Michael DiMattina, MD",TRUE,TRUE,TRUE,TRUE,TRUE,TRUE,TRUE,"Arlington, Arlington County, Virginia, 22209, United States",38.8903961,-77.0841585
421,Virginia Fertility And IVF,,Charlottesville,Virginia,VA,"Christopher D. Williams, MD",TRUE,TRUE,TRUE,TRUE,TRUE,TRUE,TRUE,"Charlottesville, Virginia, United States",38.029306,-78.4766781
422,Genetics & IVF Institute,,Fairfax,Virginia,VA,"Laurence C. Udoff, MD",TRUE,FALSE,TRUE,TRUE,TRUE,TRUE,TRUE,"Fairfax, Fairfax (city), Virginia, United States",38.8462236,-77.3063733
423,Jones Institute For Reproductive Medicine,,Norfolk,Virginia,VA,"Laurel A. Stadtmauer, MD, PhD",TRUE,TRUE,TRUE,TRUE,TRUE,TRUE,TRUE,"Norfolk, Virginia, United States",36.8462923,-76.2929252
424,Virginia Center For Reproductive Medicine,,Reston,Virginia,VA,"Fady I. Sharara, MD",TRUE,TRUE,TRUE,TRUE,TRUE,TRUE,TRUE,"Reston, Fairfax County, Virginia, United States",38.955696,-77.34188284
425,Shady Grove Fertility-Richmond,,Richmond,Virginia,VA,"Erika B. Johnston-MacAnanny, MD",TRUE,TRUE,TRUE,TRUE,TRUE,TRUE,TRUE,"Richmond, Virginia, United States",37.5385087,-77.43428
426,Vcu Reproductive Medicine,,Richmond,Virginia,VA,"Nicole K Banks, MD",TRUE,TRUE,TRUE,TRUE,TRUE,TRUE,TRUE,"Richmond, Virginia, United States",37.5385087,-77.43428
427,Carilion Clinic Reproductive Medicine And Fertility,,Roanoke,Virginia,VA,"Emily A. Evans-Hoeker, MD",FALSE,FALSE,TRUE,TRUE,TRUE,TRUE,TRUE,"Roanoke, Virginia, United States",37.270973,-79.9414313
428,Ccrm Northern Virginia,,Vienna,Virginia,VA,"Mark D. Payson, MD",TRUE,FALSE,TRUE,TRUE,TRUE,TRUE,TRUE,"Vienna, Fairfax County, Virginia, United States",38.9013729,-77.2651762
429,The New Hope Center For Reproductive Medicine,,Virginia Beach,Virginia,VA,"Robin L. Poe-Zeigler, MD",TRUE,TRUE,TRUE,TRUE,TRUE,TRUE,TRUE,"Virginia Beach, Virginia, United States",36.8529841,-75.9774183
430,"Overlake Reproductive Health, Inc., Ps",,Bellevue,Washington,WA,"Kevin M. Johnson, MD",TRUE,TRUE,TRUE,TRUE,TRUE,TRUE,TRUE,"Bellevue, King County, Washington, United States",47.6144219,-122.192337
431,Orm Fertility Bellevue,,Clyde Hill,Washington,WA,"Elizabeth A Barbieri, MD",TRUE,TRUE,TRUE,TRUE,TRUE,TRUE,Pending,"Clyde Hill, King County, Washington, United States",47.631569,-122.2181054
432,Poma Fertility,,Kirkland,Washington,WA,"Michael S. Opsahl, MD",TRUE,TRUE,TRUE,TRUE,TRUE,TRUE,TRUE,"Kirkland, King County, Washington, United States",47.6859573,-122.1920249
433,Olympia Women'S Health,,Olympia,Washington,WA,"James F. Moruzzi, MD, PhD",TRUE,TRUE,TRUE,TRUE,TRUE,TRUE,TRUE,"Olympia, Thurston County, Washington, United States",47.0451022,-122.8950075
434,Pacific Northwest Fertility And IVF Specialists,,Seattle,Washington,WA,"Lorna A. Marshall, MD",TRUE,TRUE,TRUE,TRUE,TRUE,TRUE,TRUE,"Seattle, King County, Washington, United States",47.6038321,-122.3300624
435,Seattle Reproductive Medicine,,Seattle,Washington,WA,"Paul C Lin, MD",TRUE,TRUE,TRUE,TRUE,TRUE,TRUE,TRUE,"Seattle, King County, Washington, United States",47.6038321,-122.3300624
436,"Sound Fertility Care, Pllc",,Seattle,Washington,WA,"Kathleen Lin, MD",TRUE,TRUE,TRUE,TRUE,TRUE,TRUE,TRUE,"Seattle, King County, Washington, United States",47.6038321,-122.3300624
437,University Reproductive Care,University Of Washington,Seattle,Washington,WA,"Ginny Ryan, MD",TRUE,TRUE,TRUE,TRUE,TRUE,TRUE,TRUE,"Seattle, King County, Washington, United States",47.6038321,-122.3300624
438,Center For Reproductive Health,,Spokane,Washington,WA,"Edwin D. Robins, MD",TRUE,FALSE,TRUE,TRUE,TRUE,TRUE,TRUE,"Spokane, Spokane County, Washington, United States",47.6571934,-117.4235106
439,Srm Spokane,,Spokane Valley,Washington,WA,"Brenda S. Houmard, MD, PhD",TRUE,TRUE,TRUE,TRUE,TRUE,TRUE,TRUE,"Spokane Valley, Spokane County, Washington, United States",47.6571104,-117.2613936
440,Madigan Army Medical Center,,Tacoma,Washington,WA,"Bruce D. Pier, MD",FALSE,FALSE,TRUE,TRUE,FALSE,TRUE,TRUE,"Tacoma, Pierce County, Washington, United States",47.2495798,-122.4398746
441,Cabell Huntington Hospital,Center For Advanced Reproductive Medicine,Huntington,West Virginia,WV,"William N. Burns, MD",TRUE,FALSE,TRUE,TRUE,FALSE,FALSE,TRUE,"Huntington, Cabell County, West Virginia, United States",38.4192496,-82.445154
442,West Virginia University Center For Reproductive Medicine,,Morgantown,West Virginia,WV,"Richard A. Meter, MD",TRUE,TRUE,TRUE,TRUE,FALSE,TRUE,TRUE,"Morgantown, Monongalia County, West Virginia, United States",39.6296809,-79.9559437
443,Aurora Health Care-Aurora Fertility Services,The Women'S Center At Aurora Baycare Medical Center,Green Bay,Wisconsin,WI,"Estil Y. Strawn, MD",TRUE,TRUE,TRUE,TRUE,TRUE,TRUE,TRUE,"Green Bay, Brown County, Wisconsin, United States",44.5126379,-88.0125794
444,Froedtert & Medical College Of Wisconsin,Reproductive Medicine Center,Menomonee Falls,Wisconsin,WI,"Katherine Schoyer, MD",TRUE,TRUE,TRUE,TRUE,TRUE,TRUE,TRUE,"Menomonee Falls, Waukesha County, Wisconsin, United States",43.1790768,-88.1170784
445,University Of Wisconsin-Generations Fertility Care,,Middleton,Wisconsin,WI,"Bala Bhagavath, MD",TRUE,FALSE,TRUE,TRUE,TRUE,TRUE,TRUE,"Middleton, Dane County, Wisconsin, United States",43.0962919,-89.5119565
446,Wisconsin Fertility Institute,,Middleton,Wisconsin,WI,"Elizabeth Pritts, MD",TRUE,TRUE,TRUE,TRUE,TRUE,TRUE,TRUE,"Middleton, Dane County, Wisconsin, United States",43.0962919,-89.5119565
447,Reproductive Specialty Center,,Milwaukee,Wisconsin,WI,"Grace M. Janik, MD",TRUE,TRUE,TRUE,TRUE,TRUE,TRUE,TRUE,"Milwaukee, Milwaukee County, Wisconsin, United States",43.0349931,-87.922497
448,"Aurora Health Care-Aurora Fertility Services, West Allis",,West Allis,Wisconsin,WI,"Estil Y. Strawn, MD",TRUE,TRUE,TRUE,TRUE,TRUE,TRUE,TRUE,"West Allis, Milwaukee County, Wisconsin, United States",43.0166806,-88.0070315